-- MySQL dump 10.13  Distrib 5.7.35, for Linux (x86_64)
--
-- Host: localhost    Database: honsuri
-- ------------------------------------------------------
-- Server version	5.7.35-0ubuntu0.18.04.1

/*!40101 SET @OLD_CHARACTER_SET_CLIENT=@@CHARACTER_SET_CLIENT */;
/*!40101 SET @OLD_CHARACTER_SET_RESULTS=@@CHARACTER_SET_RESULTS */;
/*!40101 SET @OLD_COLLATION_CONNECTION=@@COLLATION_CONNECTION */;
/*!40101 SET NAMES utf8 */;
/*!40103 SET @OLD_TIME_ZONE=@@TIME_ZONE */;
/*!40103 SET TIME_ZONE='+00:00' */;
/*!40014 SET @OLD_UNIQUE_CHECKS=@@UNIQUE_CHECKS, UNIQUE_CHECKS=0 */;
/*!40014 SET @OLD_FOREIGN_KEY_CHECKS=@@FOREIGN_KEY_CHECKS, FOREIGN_KEY_CHECKS=0 */;
/*!40101 SET @OLD_SQL_MODE=@@SQL_MODE, SQL_MODE='NO_AUTO_VALUE_ON_ZERO' */;
/*!40111 SET @OLD_SQL_NOTES=@@SQL_NOTES, SQL_NOTES=0 */;

--
-- Table structure for table `account_user`
--

DROP TABLE IF EXISTS `account_user`;
/*!40101 SET @saved_cs_client     = @@character_set_client */;
/*!40101 SET character_set_client = utf8 */;
CREATE TABLE `account_user` (
  `id` bigint(20) NOT NULL AUTO_INCREMENT,
  `password` varchar(128) NOT NULL,
  `last_login` datetime(6) DEFAULT NULL,
  `email` varchar(255) NOT NULL,
  `name` varchar(40) NOT NULL,
  `nickname` varchar(40) NOT NULL,
  `phone_number` varchar(12) NOT NULL,
  `alcohol_amount` double NOT NULL,
  `favorite_alcohol` varchar(40) NOT NULL,
  `favorite_food` varchar(40) NOT NULL,
  `favorite_combination` varchar(40) NOT NULL,
  `is_active` tinyint(1) NOT NULL,
  `is_admin` tinyint(1) NOT NULL,
  PRIMARY KEY (`id`),
  UNIQUE KEY `email` (`email`),
  UNIQUE KEY `nickname` (`nickname`)
) ENGINE=InnoDB AUTO_INCREMENT=14 DEFAULT CHARSET=utf8mb4;
/*!40101 SET character_set_client = @saved_cs_client */;

--
-- Dumping data for table `account_user`
--

LOCK TABLES `account_user` WRITE;
/*!40000 ALTER TABLE `account_user` DISABLE KEYS */;
INSERT INTO `account_user` VALUES (1,'pbkdf2_sha256$260000$UhLi3JppsR67k1K8Ru7mNF$0JVKDJg2wHCIDtD5lqcgxjrEK5O4EHxH/Jmqqaygqdw=','2021-08-27 15:11:51.439870','test@test.com','test','test','',0,'','','',1,1),(2,'pbkdf2_sha256$260000$PvvYHHm3TqVWdF6UckeTUD$Xk6Wrk291gFpEXXW5Lt62rEg+l0OkigGscNNIgAN9lA=',NULL,'test1@test.com','test1','test1','',0,'','','',1,1),(3,'pbkdf2_sha256$260000$QfLaDqu7DXyGDIeKoAIxyo$jhBdypRXHwE+OeIVIG9eVq6352EQluXJfkrKt0Wco0U=','2021-08-27 14:16:09.167422','test2@test.com','test2','test2','',0,'','','',1,1),(4,'pbkdf2_sha256$260000$NPygpK4LpTwRG4l8dIpL1M$jTbG77kNCugFdaULtBXrOhEcBL2wgfwgy+et4ijSqN4=',NULL,'test3@test.com','test2','test3','',0,'','','',1,1),(6,'pbkdf2_sha256$260000$RsTIeSiFBW3jF0WHwQcXYL$sHzBiijlbmvKomyuEr3HAVrtLjYyLta5UpfpvoXjqGs=','2021-08-28 10:22:57.743405','woody@toy.com','Woody Pride','woody','01000000000',1,'맥주','노가리','노가리&맥주&땅콩',1,0),(7,'pbkdf2_sha256$260000$ECHYkQ9esBgMwtVXrOYMJ3$9xy3VMRv1LHzRhfmhH9JAgxV2XnLO6xE1IcPEqUcCN8=',NULL,'jinu@test.com','minjihun','jihun','01080704133',2,'a','b','c',1,0),(8,'pbkdf2_sha256$260000$1kd2DsIvCcaCcTTB4noM2t$a6pNBf6gTXGV1o4FDj3XgfgJtkBDdbkMXuMSBp7AH2M=',NULL,'test4@test.com','string','test4','string',0,'string','string','string',1,0),(9,'pbkdf2_sha256$260000$F9opCRz5pgTdqjfNFepCIH$SrfrR8hQowAAwEaN/+kES2NbDe4e5DshoO8gRlrpYrI=',NULL,'fdf@nafs.com','24f','wdwq','2421',1,'dwqd','wqdqw','dwqd',1,0),(12,'pbkdf2_sha256$260000$5bAigIBrDqDG5x90Z15iTi$7Srs14NbFyDDa+0xyrUSyU6Nsycdc8j2GJ0y1bDfBDc=',NULL,'test100@test.com','test100','test100','01074014117',3,'소주','피자','없음',1,0),(13,'pbkdf2_sha256$260000$ijDlnjAJXwqGs2yRe8qkHb$oEkiNdKoLiG+cKsKhvb0Lq9+3NJkIRi7KUoszYmrbrg=','2021-08-28 10:24:37.609095','jae@toy.com','Jae','jae','01000000000',1,'소주','삼겹살','소주&삼겹살',1,0);
/*!40000 ALTER TABLE `account_user` ENABLE KEYS */;
UNLOCK TABLES;

--
-- Table structure for table `alcohol_volume`
--

DROP TABLE IF EXISTS `alcohol_volume`;
/*!40101 SET @saved_cs_client     = @@character_set_client */;
/*!40101 SET character_set_client = utf8 */;
CREATE TABLE `alcohol_volume` (
  `id` bigint(20) NOT NULL AUTO_INCREMENT,
  `created_at` datetime(6) NOT NULL,
  `updated_at` datetime(6) NOT NULL,
  `name` varchar(20) NOT NULL,
  PRIMARY KEY (`id`),
  UNIQUE KEY `name` (`name`)
) ENGINE=InnoDB AUTO_INCREMENT=4 DEFAULT CHARSET=utf8mb4;
/*!40101 SET character_set_client = @saved_cs_client */;

--
-- Dumping data for table `alcohol_volume`
--

LOCK TABLES `alcohol_volume` WRITE;
/*!40000 ALTER TABLE `alcohol_volume` DISABLE KEYS */;
INSERT INTO `alcohol_volume` VALUES (1,'2021-08-27 13:43:02.000000','2021-08-27 13:43:02.000000','도수 높음'),(2,'2021-08-27 13:43:02.000000','2021-08-27 13:43:02.000000','도수 중간'),(3,'2021-08-27 13:43:02.000000','2021-08-27 13:43:02.000000','도수 낮음');
/*!40000 ALTER TABLE `alcohol_volume` ENABLE KEYS */;
UNLOCK TABLES;

--
-- Table structure for table `base`
--

DROP TABLE IF EXISTS `base`;
/*!40101 SET @saved_cs_client     = @@character_set_client */;
/*!40101 SET character_set_client = utf8 */;
CREATE TABLE `base` (
  `id` bigint(20) NOT NULL AUTO_INCREMENT,
  `created_at` datetime(6) NOT NULL,
  `updated_at` datetime(6) NOT NULL,
  `name` varchar(50) NOT NULL,
  PRIMARY KEY (`id`),
  UNIQUE KEY `name` (`name`)
) ENGINE=InnoDB AUTO_INCREMENT=6 DEFAULT CHARSET=utf8mb4;
/*!40101 SET character_set_client = @saved_cs_client */;

--
-- Dumping data for table `base`
--

LOCK TABLES `base` WRITE;
/*!40000 ALTER TABLE `base` DISABLE KEYS */;
INSERT INTO `base` VALUES (1,'2021-08-27 13:42:39.000000','2021-08-27 13:42:39.000000','소주'),(2,'2021-08-27 13:42:39.000000','2021-08-27 13:42:39.000000','양주'),(3,'2021-08-27 13:42:39.000000','2021-08-27 13:42:39.000000','맥주'),(4,'2021-08-27 13:42:39.000000','2021-08-27 13:42:39.000000','와인'),(5,'2021-08-27 13:42:39.000000','2021-08-27 13:42:39.000000','과일소주');
/*!40000 ALTER TABLE `base` ENABLE KEYS */;
UNLOCK TABLES;

--
-- Table structure for table `comment`
--

DROP TABLE IF EXISTS `comment`;
/*!40101 SET @saved_cs_client     = @@character_set_client */;
/*!40101 SET character_set_client = utf8 */;
CREATE TABLE `comment` (
  `id` bigint(20) NOT NULL AUTO_INCREMENT,
  `created_at` datetime(6) NOT NULL,
  `updated_at` datetime(6) NOT NULL,
  `content` longtext NOT NULL,
  `post_id` bigint(20) NOT NULL,
  `user_id` bigint(20) NOT NULL,
  PRIMARY KEY (`id`),
  KEY `comment_post_id_d299ca5f_fk_post_id` (`post_id`),
  KEY `comment_user_id_2224f9d1_fk_account_user_id` (`user_id`),
  CONSTRAINT `comment_post_id_d299ca5f_fk_post_id` FOREIGN KEY (`post_id`) REFERENCES `post` (`id`),
  CONSTRAINT `comment_user_id_2224f9d1_fk_account_user_id` FOREIGN KEY (`user_id`) REFERENCES `account_user` (`id`)
) ENGINE=InnoDB AUTO_INCREMENT=4 DEFAULT CHARSET=utf8mb4;
/*!40101 SET character_set_client = @saved_cs_client */;

--
-- Dumping data for table `comment`
--

LOCK TABLES `comment` WRITE;
/*!40000 ALTER TABLE `comment` DISABLE KEYS */;
INSERT INTO `comment` VALUES (1,'2021-08-27 14:13:59.352869','2021-08-27 14:13:59.352908','와 펜하에 와인이라니...너무 부럽습니다ㅠ 전 밤샘 코딩 예정',1,1),(2,'2021-08-27 14:17:32.770418','2021-08-27 14:17:32.770456','진짜 고생하셨습니다 지누님 린다님 최고',1,3),(3,'2021-08-27 14:17:48.264705','2021-08-27 14:17:48.264744','행복한 혼수리팀 프론트팀 화이팅',1,3);
/*!40000 ALTER TABLE `comment` ENABLE KEYS */;
UNLOCK TABLES;

--
-- Table structure for table `django_admin_log`
--

DROP TABLE IF EXISTS `django_admin_log`;
/*!40101 SET @saved_cs_client     = @@character_set_client */;
/*!40101 SET character_set_client = utf8 */;
CREATE TABLE `django_admin_log` (
  `id` int(11) NOT NULL AUTO_INCREMENT,
  `action_time` datetime(6) NOT NULL,
  `object_id` longtext,
  `object_repr` varchar(200) NOT NULL,
  `action_flag` smallint(5) unsigned NOT NULL,
  `change_message` longtext NOT NULL,
  `content_type_id` int(11) DEFAULT NULL,
  `user_id` bigint(20) NOT NULL,
  PRIMARY KEY (`id`),
  KEY `django_admin_log_content_type_id_c4bce8eb_fk_django_co` (`content_type_id`),
  KEY `django_admin_log_user_id_c564eba6_fk_account_user_id` (`user_id`),
  CONSTRAINT `django_admin_log_content_type_id_c4bce8eb_fk_django_co` FOREIGN KEY (`content_type_id`) REFERENCES `django_content_type` (`id`),
  CONSTRAINT `django_admin_log_user_id_c564eba6_fk_account_user_id` FOREIGN KEY (`user_id`) REFERENCES `account_user` (`id`)
) ENGINE=InnoDB AUTO_INCREMENT=208 DEFAULT CHARSET=utf8mb4;
/*!40101 SET character_set_client = @saved_cs_client */;

--
-- Dumping data for table `django_admin_log`
--

LOCK TABLES `django_admin_log` WRITE;
/*!40000 ALTER TABLE `django_admin_log` DISABLE KEYS */;
INSERT INTO `django_admin_log` VALUES (1,'2021-08-27 13:52:45.293766','1','ESFJ',1,'[{\"added\": {}}]',19,1),(2,'2021-08-27 13:53:01.602759','2','ISFJ',1,'[{\"added\": {}}]',19,1),(3,'2021-08-27 13:53:14.233731','3','ENTJ',1,'[{\"added\": {}}]',19,1),(4,'2021-08-27 13:53:36.207563','4','INFP',1,'[{\"added\": {}}]',19,1),(5,'2021-08-27 13:54:07.764787','5','INTJ',1,'[{\"added\": {}}]',19,1),(6,'2021-08-27 13:54:32.055751','6','ESFP',1,'[{\"added\": {}}]',19,1),(7,'2021-08-27 14:58:04.446810','5','woody@toy.com',3,'',16,1),(8,'2021-08-27 15:23:41.361256','14','밀키스주',1,'[{\"added\": {}}]',11,1),(9,'2021-08-27 15:25:32.701761','15','태극주',1,'[{\"added\": {}}]',11,1),(10,'2021-08-27 15:26:53.324001','16','에너자이저주',1,'[{\"added\": {}}]',11,1),(11,'2021-08-27 15:33:51.021331','17','요구르트주',1,'[{\"added\": {}}]',11,1),(12,'2021-08-27 15:34:23.270017','17','요구르트주',2,'[]',11,1),(13,'2021-08-27 15:35:18.448396','14','밀키스주-소주',1,'[{\"added\": {}}]',14,1),(14,'2021-08-27 15:35:18.465588','15','밀키스주-소주',1,'[{\"added\": {}}]',14,1),(15,'2021-08-27 15:35:27.487126','16','태극주-소주',1,'[{\"added\": {}}]',14,1),(16,'2021-08-27 15:35:28.078698','17','태극주-소주',1,'[{\"added\": {}}]',14,1),(17,'2021-08-27 15:35:55.642701','16','태극주-소주',3,'',14,1),(18,'2021-08-27 15:35:55.648015','15','밀키스주-소주',3,'',14,1),(19,'2021-08-27 15:36:11.797431','18','에너자이저주-소주',1,'[{\"added\": {}}]',14,1),(20,'2021-08-27 15:36:20.051075','19','요구르트주-소주',1,'[{\"added\": {}}]',14,1),(21,'2021-08-27 15:36:49.705072','11','밀키스주-도수 낮음',1,'[{\"added\": {}}]',15,1),(22,'2021-08-27 15:37:00.205558','12','태극주-도수 중간',1,'[{\"added\": {}}]',15,1),(23,'2021-08-27 15:37:08.281635','13','에너자이저주-도수 중간',1,'[{\"added\": {}}]',15,1),(24,'2021-08-27 15:37:13.965364','14','요구르트주-도수 낮음',1,'[{\"added\": {}}]',15,1),(25,'2021-08-27 15:37:40.514442','14','밀키스주-단맛',1,'[{\"added\": {}}]',13,1),(26,'2021-08-27 15:37:46.523754','15','태극주-신맛',1,'[{\"added\": {}}]',13,1),(27,'2021-08-27 15:37:54.491879','16','에너자이저주-단맛',1,'[{\"added\": {}}]',13,1),(28,'2021-08-27 15:37:59.639266','17','요구르트주-단맛',1,'[{\"added\": {}}]',13,1),(29,'2021-08-27 15:39:14.236426','41','밀키스주-맥주',1,'[{\"added\": {}}]',12,1),(30,'2021-08-27 15:39:26.265873','42','밀키스주-소주',1,'[{\"added\": {}}]',12,1),(31,'2021-08-27 15:39:26.283300','43','밀키스주-소주',1,'[{\"added\": {}}]',12,1),(32,'2021-08-27 15:39:47.894890','44','밀키스주-사이다',1,'[{\"added\": {}}]',12,1),(33,'2021-08-27 15:39:47.911633','45','밀키스주-사이다',1,'[{\"added\": {}}]',12,1),(34,'2021-08-27 15:39:59.843973','46','태극주-소주',1,'[{\"added\": {}}]',12,1),(35,'2021-08-27 15:40:25.513347','47','태극주-홍초',1,'[{\"added\": {}}]',12,1),(36,'2021-08-27 15:40:25.529815','48','태극주-홍초',1,'[{\"added\": {}}]',12,1),(37,'2021-08-27 15:41:04.405158','49','태극주-파워에이드',1,'[{\"added\": {}}]',12,1),(38,'2021-08-27 15:41:04.455529','50','태극주-파워에이드',1,'[{\"added\": {}}]',12,1),(39,'2021-08-27 15:41:36.051753','51','태극주-파워에이드',1,'[{\"added\": {}}]',12,1),(40,'2021-08-27 15:41:36.068199','52','태극주-파워에이드',1,'[{\"added\": {}}]',12,1),(41,'2021-08-27 15:41:36.084113','53','태극주-파워에이드',1,'[{\"added\": {}}]',12,1),(42,'2021-08-27 15:42:16.690698','53','태극주-파워에이드',3,'',12,1),(43,'2021-08-27 15:42:16.693512','52','태극주-파워에이드',3,'',12,1),(44,'2021-08-27 15:42:16.696962','51','태극주-파워에이드',3,'',12,1),(45,'2021-08-27 15:42:16.699310','50','태극주-파워에이드',3,'',12,1),(46,'2021-08-27 15:42:35.850374','47','태극주-홍초',3,'',12,1),(47,'2021-08-27 15:42:35.853159','45','밀키스주-사이다',3,'',12,1),(48,'2021-08-27 15:42:35.855568','43','밀키스주-소주',3,'',12,1),(49,'2021-08-27 15:42:57.568826','54','에너자이저주-파워에이드',1,'[{\"added\": {}}]',12,1),(50,'2021-08-27 15:43:11.424152','55','에너자이저주-핫식스',1,'[{\"added\": {}}]',12,1),(51,'2021-08-27 15:43:18.816255','56','에너자이저주-소주',1,'[{\"added\": {}}]',12,1),(52,'2021-08-27 15:43:31.652765','57','요구르트주-소주',1,'[{\"added\": {}}]',12,1),(53,'2021-08-27 15:43:52.786423','58','요구르트주-요구르트',1,'[{\"added\": {}}]',12,1),(54,'2021-08-27 15:43:52.805785','59','요구르트주-요구르트',1,'[{\"added\": {}}]',12,1),(55,'2021-08-27 15:44:03.240941','60','요구르트주-사이다',1,'[{\"added\": {}}]',12,1),(56,'2021-08-27 15:44:12.346849','58','요구르트주-요구르트',3,'',12,1),(57,'2021-08-27 15:44:50.260027','1','어서오세요 수리수리 혼수리의 주인장 혼수리입니다. 혹시 맹덕이아세요? \\n 요즘것들이라는 회사에 다니는 제 사촌인데....',2,'[{\"changed\": {\"fields\": [\"Question\"]}}]',18,1),(58,'2021-08-27 15:45:34.445836','1','어서오세요 수리수리 혼수리의 주인장 혼수리입니다. 혹시 맹덕이아세요? 요즘것들이라는 회사에 다니는 제 사촌인데....',2,'[{\"changed\": {\"fields\": [\"Question\"]}}]',18,1),(59,'2021-08-27 15:48:04.053410','7','ENTP',1,'[{\"added\": {}}]',19,1),(60,'2021-08-28 05:52:41.342913','18','앱솔루트 애플망고 스트로베리 칵테일',1,'[{\"added\": {}}]',11,1),(61,'2021-08-28 05:53:25.473679','18','앱솔루트 애플망고 스트로베리 칵테일',2,'[]',11,1),(62,'2021-08-28 05:54:42.760892','19','앱솔루트 스트로베리 칵테일',1,'[{\"added\": {}}]',11,1),(63,'2021-08-28 05:55:25.068991','20','앱솔루트 스트로베리 칵테일-양주',1,'[{\"added\": {}}]',14,1),(64,'2021-08-28 05:55:32.043736','21','앱솔루트 애플망고 스트로베리 칵테일-양주',1,'[{\"added\": {}}]',14,1),(65,'2021-08-28 05:55:45.210624','18','앱솔루트 스트로베리 칵테일-달콤씁쓸',1,'[{\"added\": {}}]',13,1),(66,'2021-08-28 05:55:51.757866','19','앱솔루트 애플망고 스트로베리 칵테일-단맛',1,'[{\"added\": {}}]',13,1),(67,'2021-08-28 05:56:07.233939','15','앱솔루트 스트로베리 칵테일-도수 중간',1,'[{\"added\": {}}]',15,1),(68,'2021-08-28 05:56:12.558587','16','앱솔루트 애플망고 스트로베리 칵테일-도수 중간',1,'[{\"added\": {}}]',15,1),(69,'2021-08-28 05:56:27.071327','61','앱솔루트 스트로베리 칵테일-딸기',1,'[{\"added\": {}}]',12,1),(70,'2021-08-28 05:56:36.844166','62','앱솔루트 스트로베리 칵테일-앱솔루트 주스',1,'[{\"added\": {}}]',12,1),(71,'2021-08-28 05:56:45.808199','63','앱솔루트 스트로베리 칵테일-토닉워터',1,'[{\"added\": {}}]',12,1),(72,'2021-08-28 05:56:55.111600','64','앱솔루트 애플망고 스트로베리 칵테일-애플망고 파우치',1,'[{\"added\": {}}]',12,1),(73,'2021-08-28 05:57:00.548426','65','앱솔루트 애플망고 스트로베리 칵테일-딸기',1,'[{\"added\": {}}]',12,1),(74,'2021-08-28 05:57:13.286159','66','앱솔루트 애플망고 스트로베리 칵테일-앱솔루트 주스',1,'[{\"added\": {}}]',12,1),(75,'2021-08-28 05:57:33.705511','67','앱솔루트 애플망고 스트로베리 칵테일-토닉워터',1,'[{\"added\": {}}]',12,1),(76,'2021-08-28 06:01:07.987039','20','블루라군',1,'[{\"added\": {}}]',11,1),(77,'2021-08-28 06:03:03.838560','21','백종원모히또',1,'[{\"added\": {}}]',11,1),(78,'2021-08-28 06:03:20.906607','22','블루라군-양주',1,'[{\"added\": {}}]',14,1),(79,'2021-08-28 06:03:27.834334','23','백종원모히또-소주',1,'[{\"added\": {}}]',14,1),(80,'2021-08-28 06:03:39.492217','20','블루라군-단맛',1,'[{\"added\": {}}]',13,1),(81,'2021-08-28 06:03:45.890027','21','백종원모히또-달콤씁쓸',1,'[{\"added\": {}}]',13,1),(82,'2021-08-28 06:04:00.521116','17','블루라군-도수 높음',1,'[{\"added\": {}}]',15,1),(83,'2021-08-28 06:04:07.329440','18','백종원모히또-도수 낮음',1,'[{\"added\": {}}]',15,1),(84,'2021-08-28 06:04:34.683812','68','블루라군-블루큐라소',1,'[{\"added\": {}}]',12,1),(85,'2021-08-28 06:04:51.262153','69','블루라군-레몬',1,'[{\"added\": {}}]',12,1),(86,'2021-08-28 06:05:13.571107','70','블루라군-보드카',1,'[{\"added\": {}}]',12,1),(87,'2021-08-28 06:05:23.212164','71','블루라군-레몬에이드',1,'[{\"added\": {}}]',12,1),(88,'2021-08-28 06:05:33.982640','72','백종원모히또-레몬',1,'[{\"added\": {}}]',12,1),(89,'2021-08-28 06:05:47.033745','73','백종원모히또-깻잎',1,'[{\"added\": {}}]',12,1),(90,'2021-08-28 06:05:58.397326','74','백종원모히또-소주',1,'[{\"added\": {}}]',12,1),(91,'2021-08-28 06:06:08.749958','75','백종원모히또-사이다',1,'[{\"added\": {}}]',12,1),(92,'2021-08-28 06:06:21.369106','76','백종원모히또-설탕',1,'[{\"added\": {}}]',12,1),(93,'2021-08-28 06:06:51.804202','8','ESTP',1,'[{\"added\": {}}]',19,1),(94,'2021-08-28 06:11:04.050218','22','하이볼',1,'[{\"added\": {}}]',11,1),(95,'2021-08-28 06:11:55.529367','23','청포도 맥주',1,'[{\"added\": {}}]',11,1),(96,'2021-08-28 06:13:44.279796','24','스크류 드라이버',1,'[{\"added\": {}}]',11,1),(97,'2021-08-28 06:15:36.645836','25','아이리쉬밤',1,'[{\"added\": {}}]',11,1),(98,'2021-08-28 06:15:57.741310','25','아이리쉬밤',2,'[]',11,1),(99,'2021-08-28 06:17:24.813162','26','진토닉',1,'[{\"added\": {}}]',11,1),(100,'2021-08-28 06:17:46.320138','24','하이볼-양주',1,'[{\"added\": {}}]',14,1),(101,'2021-08-28 06:17:52.837931','25','청포도 맥주-맥주',1,'[{\"added\": {}}]',14,1),(102,'2021-08-28 06:18:00.821646','26','스크류 드라이버-양주',1,'[{\"added\": {}}]',14,1),(103,'2021-08-28 06:18:07.767724','27','아이리쉬밤-맥주',1,'[{\"added\": {}}]',14,1),(104,'2021-08-28 06:18:13.652753','28','진토닉-양주',1,'[{\"added\": {}}]',14,1),(105,'2021-08-28 06:18:27.140765','22','하이볼-달콤씁쓸',1,'[{\"added\": {}}]',13,1),(106,'2021-08-28 06:18:33.918512','23','청포도 맥주-단맛',1,'[{\"added\": {}}]',13,1),(107,'2021-08-28 06:18:40.990936','24','스크류 드라이버-단맛',1,'[{\"added\": {}}]',13,1),(108,'2021-08-28 06:18:47.316503','25','아이리쉬밤-쓴맛',1,'[{\"added\": {}}]',13,1),(109,'2021-08-28 06:18:52.901934','26','진토닉-달콤씁쓸',1,'[{\"added\": {}}]',13,1),(110,'2021-08-28 06:19:11.077509','19','하이볼-도수 중간',1,'[{\"added\": {}}]',15,1),(111,'2021-08-28 06:19:18.005346','20','청포도 맥주-도수 낮음',1,'[{\"added\": {}}]',15,1),(112,'2021-08-28 06:19:25.043153','21','스크류 드라이버-도수 중간',1,'[{\"added\": {}}]',15,1),(113,'2021-08-28 06:19:31.849715','22','아이리쉬밤-도수 높음',1,'[{\"added\": {}}]',15,1),(114,'2021-08-28 06:19:38.572607','23','진토닉-도수 높음',1,'[{\"added\": {}}]',15,1),(115,'2021-08-28 06:20:07.649633','77','하이볼-위스키',1,'[{\"added\": {}}]',12,1),(116,'2021-08-28 06:20:15.439705','78','하이볼-탄산수',1,'[{\"added\": {}}]',12,1),(117,'2021-08-28 06:20:35.229361','79','하이볼-토닉워터',1,'[{\"added\": {}}]',12,1),(118,'2021-08-28 06:20:45.231486','80','하이볼-레몬',1,'[{\"added\": {}}]',12,1),(119,'2021-08-28 06:20:58.212865','81','청포도 맥주-봉봉청포도맛',1,'[{\"added\": {}}]',12,1),(120,'2021-08-28 06:21:06.169649','82','청포도 맥주-맥주',1,'[{\"added\": {}}]',12,1),(121,'2021-08-28 06:21:24.363376','83','스크류 드라이버-오렌지주스',1,'[{\"added\": {}}]',12,1),(122,'2021-08-28 06:21:48.943215','84','스크류 드라이버-보드카',1,'[{\"added\": {}}]',12,1),(123,'2021-08-28 06:22:11.492876','85','아이리쉬밤-기네스',1,'[{\"added\": {}}]',12,1),(124,'2021-08-28 06:22:20.418806','86','아이리쉬밤-베일리스',1,'[{\"added\": {}}]',12,1),(125,'2021-08-28 06:22:30.048567','87','아이리쉬밤-위스키',1,'[{\"added\": {}}]',12,1),(126,'2021-08-28 06:22:40.907680','88','진토닉-진',1,'[{\"added\": {}}]',12,1),(127,'2021-08-28 06:22:56.058301','89','진토닉-토닉워터',1,'[{\"added\": {}}]',12,1),(128,'2021-08-28 06:23:04.704378','90','진토닉-탄산수',1,'[{\"added\": {}}]',12,1),(129,'2021-08-28 06:23:30.851522','9','ESTJ',1,'[{\"added\": {}}]',19,1),(130,'2021-08-28 06:23:52.056946','10','INFJ',1,'[{\"added\": {}}]',19,1),(131,'2021-08-28 06:24:07.181707','11','INTP',1,'[{\"added\": {}}]',19,1),(132,'2021-08-28 09:29:38.547224','27','미모사',1,'[{\"added\": {}}]',11,1),(133,'2021-08-28 09:31:56.230434','28','데킬라선라이즈',1,'[{\"added\": {}}]',11,1),(134,'2021-08-28 09:35:53.580561','29','스파클링 봉봉주',1,'[{\"added\": {}}]',11,1),(135,'2021-08-28 09:38:16.137562','30','깔라유자처럼',1,'[{\"added\": {}}]',11,1),(136,'2021-08-28 09:40:02.700279','31','소원주',1,'[{\"added\": {}}]',11,1),(137,'2021-08-28 09:40:24.256295','29','미모사-와인',1,'[{\"added\": {}}]',14,1),(138,'2021-08-28 09:40:32.328935','30','데킬라선라이즈-양주',1,'[{\"added\": {}}]',14,1),(139,'2021-08-28 09:40:39.956432','31','스파클링 봉봉주-소주',1,'[{\"added\": {}}]',14,1),(140,'2021-08-28 09:40:47.343081','32','깔라유자처럼-소주',1,'[{\"added\": {}}]',14,1),(141,'2021-08-28 09:40:54.532548','33','소원주-소주',1,'[{\"added\": {}}]',14,1),(142,'2021-08-28 09:41:08.704751','27','미모사-단맛',1,'[{\"added\": {}}]',13,1),(143,'2021-08-28 09:41:16.573191','28','데킬라선라이즈-단맛',1,'[{\"added\": {}}]',13,1),(144,'2021-08-28 09:41:22.872786','29','스파클링 봉봉주-단맛',1,'[{\"added\": {}}]',13,1),(145,'2021-08-28 09:41:30.463910','30','깔라유자처럼-신맛',1,'[{\"added\": {}}]',13,1),(146,'2021-08-28 09:41:38.908495','31','소원주-쓴맛',1,'[{\"added\": {}}]',13,1),(147,'2021-08-28 09:41:53.508583','24','미모사-도수 낮음',1,'[{\"added\": {}}]',15,1),(148,'2021-08-28 09:42:00.026889','25','데킬라선라이즈-도수 중간',1,'[{\"added\": {}}]',15,1),(149,'2021-08-28 09:42:07.823513','26','스파클링 봉봉주-도수 낮음',1,'[{\"added\": {}}]',15,1),(150,'2021-08-28 09:42:15.102444','27','깔라유자처럼-도수 낮음',1,'[{\"added\": {}}]',15,1),(151,'2021-08-28 09:42:20.852270','28','소원주-도수 중간',1,'[{\"added\": {}}]',15,1),(152,'2021-08-28 09:42:39.410613','91','미모사-스파클링와인',1,'[{\"added\": {}}]',12,1),(153,'2021-08-28 09:42:50.448641','92','미모사-오렌지주스',1,'[{\"added\": {}}]',12,1),(154,'2021-08-28 09:43:01.011062','93','데킬라선라이즈-데킬라',1,'[{\"added\": {}}]',12,1),(155,'2021-08-28 09:43:09.523298','94','데킬라선라이즈-오렌지주스',1,'[{\"added\": {}}]',12,1),(156,'2021-08-28 09:43:24.584561','95','데킬라선라이즈-석류시럽',1,'[{\"added\": {}}]',12,1),(157,'2021-08-28 09:43:42.448345','96','스파클링 봉봉주-청포도스파클링',1,'[{\"added\": {}}]',12,1),(158,'2021-08-28 09:43:57.511915','97','스파클링 봉봉주-봉봉청포도맛',1,'[{\"added\": {}}]',12,1),(159,'2021-08-28 09:44:08.410221','98','스파클링 봉봉주-소주',1,'[{\"added\": {}}]',12,1),(160,'2021-08-28 09:44:24.918024','99','깔라유자처럼-깔라만시',1,'[{\"added\": {}}]',12,1),(161,'2021-08-28 09:44:35.274648','100','깔라유자처럼-처음처럼',1,'[{\"added\": {}}]',12,1),(162,'2021-08-28 09:44:47.578567','101','깔라유자처럼-순하리유자맛',1,'[{\"added\": {}}]',12,1),(163,'2021-08-28 09:45:09.256030','102','소원주-원두커피',1,'[{\"added\": {}}]',12,1),(164,'2021-08-28 09:45:24.462131','103','소원주-소주',1,'[{\"added\": {}}]',12,1),(165,'2021-08-28 09:46:47.486895','12','ISTJ',1,'[{\"added\": {}}]',19,1),(166,'2021-08-28 09:47:05.570463','13','ISFP',1,'[{\"added\": {}}]',19,1),(167,'2021-08-28 09:50:17.156204','32','쿠키앤크럼',1,'[{\"added\": {}}]',11,1),(168,'2021-08-28 09:52:12.297296','33','레몬끌라라',1,'[{\"added\": {}}]',11,1),(169,'2021-08-28 09:53:19.355112','34','트로이카의 목마',1,'[{\"added\": {}}]',11,1),(170,'2021-08-28 09:55:21.069923','35','고진감래주',1,'[{\"added\": {}}]',11,1),(171,'2021-08-28 09:58:08.016191','36','링겔주',1,'[{\"added\": {}}]',11,1),(172,'2021-08-28 09:59:25.356019','37','나르샤 비타주',1,'[{\"added\": {}}]',11,1),(173,'2021-08-28 09:59:47.654795','34','쿠키앤크럼-양주',1,'[{\"added\": {}}]',14,1),(174,'2021-08-28 09:59:54.463760','35','레몬끌라라-맥주',1,'[{\"added\": {}}]',14,1),(175,'2021-08-28 10:00:01.009382','36','트로이카의 목마-맥주',1,'[{\"added\": {}}]',14,1),(176,'2021-08-28 10:00:08.970539','37','고진감래주-소주',1,'[{\"added\": {}}]',14,1),(177,'2021-08-28 10:00:16.643905','38','링겔주-소주',1,'[{\"added\": {}}]',14,1),(178,'2021-08-28 10:00:22.903696','39','나르샤 비타주-소주',1,'[{\"added\": {}}]',14,1),(179,'2021-08-28 10:00:39.267961','32','쿠키앤크럼-단맛',1,'[{\"added\": {}}]',13,1),(180,'2021-08-28 10:00:51.267614','33','레몬끌라라-단맛',1,'[{\"added\": {}}]',13,1),(181,'2021-08-28 10:00:59.566110','34','트로이카의 목마-달콤씁쓸',1,'[{\"added\": {}}]',13,1),(182,'2021-08-28 10:06:14.968134','35','고진감래주-달콤씁쓸',1,'[{\"added\": {}}]',13,1),(183,'2021-08-28 10:06:21.516186','36','링겔주-쓴맛',1,'[{\"added\": {}}]',13,1),(184,'2021-08-28 10:06:29.325125','37','나르샤 비타주-달콤씁쓸',1,'[{\"added\": {}}]',13,1),(185,'2021-08-28 10:06:47.677489','29','쿠키앤크럼-도수 낮음',1,'[{\"added\": {}}]',15,1),(186,'2021-08-28 10:06:55.055050','30','레몬끌라라-도수 낮음',1,'[{\"added\": {}}]',15,1),(187,'2021-08-28 10:07:01.308668','31','트로이카의 목마-도수 중간',1,'[{\"added\": {}}]',15,1),(188,'2021-08-28 10:07:06.905440','32','고진감래주-도수 높음',1,'[{\"added\": {}}]',15,1),(189,'2021-08-28 10:07:12.861756','33','링겔주-도수 높음',1,'[{\"added\": {}}]',15,1),(190,'2021-08-28 10:07:18.780833','34','나르샤 비타주-도수 중간',1,'[{\"added\": {}}]',15,1),(191,'2021-08-28 10:07:44.968751','104','쿠키앤크럼-쿠키앤크림아이스크림',1,'[{\"added\": {}}]',12,1),(192,'2021-08-28 10:07:55.861419','105','쿠키앤크럼-럼',1,'[{\"added\": {}}]',12,1),(193,'2021-08-28 10:08:10.144771','106','레몬끌라라-레몬토닉',1,'[{\"added\": {}}]',12,1),(194,'2021-08-28 10:08:31.372393','107','레몬끌라라-클라우드',1,'[{\"added\": {}}]',12,1),(195,'2021-08-28 10:08:52.017908','108','트로이카의 목마-토마토주스',1,'[{\"added\": {}}]',12,1),(196,'2021-08-28 10:09:06.783821','109','트로이카의 목마-라거맥주',1,'[{\"added\": {}}]',12,1),(197,'2021-08-28 10:09:18.905111','110','트로이카의 목마-라거맥주',1,'[{\"added\": {}}]',12,1),(198,'2021-08-28 10:09:31.794795','111','고진감래주-맥주',1,'[{\"added\": {}}]',12,1),(199,'2021-08-28 10:09:41.462968','112','고진감래주-소주',1,'[{\"added\": {}}]',12,1),(200,'2021-08-28 10:09:54.737252','113','고진감래주-소주',1,'[{\"added\": {}}]',12,1),(201,'2021-08-28 10:10:10.848495','114','링겔주-소주',1,'[{\"added\": {}}]',12,1),(202,'2021-08-28 10:10:36.157882','115','링겔주-매화수',1,'[{\"added\": {}}]',12,1),(203,'2021-08-28 10:15:02.330701','116','나르샤 비타주-비타500',1,'[{\"added\": {}}]',12,1),(204,'2021-08-28 10:15:47.756316','117','나르샤 비타주-소주',1,'[{\"added\": {}}]',12,1),(205,'2021-08-28 10:17:32.500253','14','ENFP',1,'[{\"added\": {}}]',19,1),(206,'2021-08-28 10:18:03.521811','15','ISTP',1,'[{\"added\": {}}]',19,1),(207,'2021-08-28 10:18:21.342505','16','ENFJ',1,'[{\"added\": {}}]',19,1);
/*!40000 ALTER TABLE `django_admin_log` ENABLE KEYS */;
UNLOCK TABLES;

--
-- Table structure for table `django_content_type`
--

DROP TABLE IF EXISTS `django_content_type`;
/*!40101 SET @saved_cs_client     = @@character_set_client */;
/*!40101 SET character_set_client = utf8 */;
CREATE TABLE `django_content_type` (
  `id` int(11) NOT NULL AUTO_INCREMENT,
  `app_label` varchar(100) NOT NULL,
  `model` varchar(100) NOT NULL,
  PRIMARY KEY (`id`),
  UNIQUE KEY `django_content_type_app_label_model_76bd3d3b_uniq` (`app_label`,`model`)
) ENGINE=InnoDB AUTO_INCREMENT=22 DEFAULT CHARSET=utf8mb4;
/*!40101 SET character_set_client = @saved_cs_client */;

--
-- Dumping data for table `django_content_type`
--

LOCK TABLES `django_content_type` WRITE;
/*!40000 ALTER TABLE `django_content_type` DISABLE KEYS */;
INSERT INTO `django_content_type` VALUES (16,'account','user'),(20,'admin','logentry'),(1,'contenttypes','contenttype'),(18,'mbti','mbti'),(19,'mbti','mbtiresult'),(17,'music','music'),(6,'post','comment'),(3,'post','likepost'),(4,'post','post'),(5,'post','postimage'),(7,'recipe','alcoholvolume'),(8,'recipe','base'),(9,'recipe','flavor'),(10,'recipe','ingredient'),(11,'recipe','recipe'),(15,'recipe','recipealcoholvolume'),(14,'recipe','recipebase'),(13,'recipe','recipeflavor'),(12,'recipe','recipeingredient'),(2,'sessions','session'),(21,'sites','site');
/*!40000 ALTER TABLE `django_content_type` ENABLE KEYS */;
UNLOCK TABLES;

--
-- Table structure for table `django_migrations`
--

DROP TABLE IF EXISTS `django_migrations`;
/*!40101 SET @saved_cs_client     = @@character_set_client */;
/*!40101 SET character_set_client = utf8 */;
CREATE TABLE `django_migrations` (
  `id` bigint(20) NOT NULL AUTO_INCREMENT,
  `app` varchar(255) NOT NULL,
  `name` varchar(255) NOT NULL,
  `applied` datetime(6) NOT NULL,
  PRIMARY KEY (`id`)
) ENGINE=InnoDB AUTO_INCREMENT=14 DEFAULT CHARSET=utf8mb4;
/*!40101 SET character_set_client = @saved_cs_client */;

--
-- Dumping data for table `django_migrations`
--

LOCK TABLES `django_migrations` WRITE;
/*!40000 ALTER TABLE `django_migrations` DISABLE KEYS */;
INSERT INTO `django_migrations` VALUES (1,'account','0001_initial','2021-08-27 13:34:47.612081'),(2,'music','0001_initial','2021-08-27 13:34:51.622353'),(3,'recipe','0001_initial','2021-08-27 13:34:56.175772'),(4,'post','0001_initial','2021-08-27 13:35:00.276050'),(5,'mbti','0001_initial','2021-08-27 13:35:03.600949'),(6,'sessions','0001_initial','2021-08-27 13:35:25.275977'),(7,'contenttypes','0001_initial','2021-08-27 13:35:29.648227'),(8,'contenttypes','0002_remove_content_type_name','2021-08-27 13:35:29.728416'),(9,'admin','0001_initial','2021-08-27 13:35:33.588472'),(10,'admin','0002_logentry_remove_auto_add','2021-08-27 13:35:33.600904'),(11,'admin','0003_logentry_add_action_flag_choices','2021-08-27 13:35:33.611762'),(12,'sites','0001_initial','2021-08-27 13:39:12.906709'),(13,'sites','0002_alter_domain_unique','2021-08-27 13:39:12.925760');
/*!40000 ALTER TABLE `django_migrations` ENABLE KEYS */;
UNLOCK TABLES;

--
-- Table structure for table `django_session`
--

DROP TABLE IF EXISTS `django_session`;
/*!40101 SET @saved_cs_client     = @@character_set_client */;
/*!40101 SET character_set_client = utf8 */;
CREATE TABLE `django_session` (
  `session_key` varchar(40) NOT NULL,
  `session_data` longtext NOT NULL,
  `expire_date` datetime(6) NOT NULL,
  PRIMARY KEY (`session_key`),
  KEY `django_session_expire_date_a5c62663` (`expire_date`)
) ENGINE=InnoDB DEFAULT CHARSET=utf8mb4;
/*!40101 SET character_set_client = @saved_cs_client */;

--
-- Dumping data for table `django_session`
--

LOCK TABLES `django_session` WRITE;
/*!40000 ALTER TABLE `django_session` DISABLE KEYS */;
INSERT INTO `django_session` VALUES ('81r2a3yov4qnug704jzy66pkvz0q5nc8','.eJxVjMEOwiAQRP-FsyELsmA9evcbyO6CUjU0Ke3J-O_SpAc9zrw381aR1qXEteU5jkmdlVGH345JnrluID2o3ictU13mkfWm6J02fZ1Sfl129--gUCt9jU5cNtZZQCvgg_EGrR0cBDqeoDMgz-zMDRECd9KzAHVZPOPA6vMFnLY2hQ:1mJdWJ:HDs1xlv1VAra6dZFciOXECcFp_CtAnaQTRX2NG_bdSg','2021-09-10 15:11:51.443316'),('irw3ii5c0d9mhgh3or4dtrgx6hzbdz9s','.eJxVjMEOwiAQRP-FsyELsmA9evcbyO6CUjU0Ke3J-O_SpAc9zrw381aR1qXEteU5jkmdlVGH345JnrluID2o3ictU13mkfWm6J02fZ1Sfl129--gUCt9jU5cNtZZQCvgg_EGrR0cBDqeoDMgz-zMDRECd9KzAHVZPOPA6vMFnLY2hQ:1mJd8j:cqBSVdI6XSS9WQX9fHZLnEP3Pmuy_Q-XKYb-_rljoJ0','2021-09-10 14:47:29.025711'),('n270iopji2zb39qsbow62dtwsuig1x4g','.eJxVjMEOwiAQRP-FsyELsmA9evcbyO6CUjU0Ke3J-O_SpAc9zrw381aR1qXEteU5jkmdlVGH345JnrluID2o3ictU13mkfWm6J02fZ1Sfl129--gUCt9jU5cNtZZQCvgg_EGrR0cBDqeoDMgz-zMDRECd9KzAHVZPOPA6vMFnLY2hQ:1mJcC6:Videsg3ymcp_xbTdSRLpijje2Tg8XjO-ZWvHrmREDlc','2021-09-10 13:46:54.388301');
/*!40000 ALTER TABLE `django_session` ENABLE KEYS */;
UNLOCK TABLES;

--
-- Table structure for table `django_site`
--

DROP TABLE IF EXISTS `django_site`;
/*!40101 SET @saved_cs_client     = @@character_set_client */;
/*!40101 SET character_set_client = utf8 */;
CREATE TABLE `django_site` (
  `id` int(11) NOT NULL AUTO_INCREMENT,
  `domain` varchar(100) NOT NULL,
  `name` varchar(50) NOT NULL,
  PRIMARY KEY (`id`),
  UNIQUE KEY `django_site_domain_a2e37b91_uniq` (`domain`)
) ENGINE=InnoDB AUTO_INCREMENT=2 DEFAULT CHARSET=utf8mb4;
/*!40101 SET character_set_client = @saved_cs_client */;

--
-- Dumping data for table `django_site`
--

LOCK TABLES `django_site` WRITE;
/*!40000 ALTER TABLE `django_site` DISABLE KEYS */;
INSERT INTO `django_site` VALUES (1,'example.com','example.com');
/*!40000 ALTER TABLE `django_site` ENABLE KEYS */;
UNLOCK TABLES;

--
-- Table structure for table `flavor`
--

DROP TABLE IF EXISTS `flavor`;
/*!40101 SET @saved_cs_client     = @@character_set_client */;
/*!40101 SET character_set_client = utf8 */;
CREATE TABLE `flavor` (
  `id` bigint(20) NOT NULL AUTO_INCREMENT,
  `created_at` datetime(6) NOT NULL,
  `updated_at` datetime(6) NOT NULL,
  `name` varchar(50) NOT NULL,
  PRIMARY KEY (`id`),
  UNIQUE KEY `name` (`name`)
) ENGINE=InnoDB AUTO_INCREMENT=5 DEFAULT CHARSET=utf8mb4;
/*!40101 SET character_set_client = @saved_cs_client */;

--
-- Dumping data for table `flavor`
--

LOCK TABLES `flavor` WRITE;
/*!40000 ALTER TABLE `flavor` DISABLE KEYS */;
INSERT INTO `flavor` VALUES (1,'2021-08-27 13:43:10.000000','2021-08-27 13:43:10.000000','단맛'),(2,'2021-08-27 13:43:10.000000','2021-08-27 13:43:10.000000','신맛'),(3,'2021-08-27 13:43:10.000000','2021-08-27 13:43:10.000000','쓴맛'),(4,'2021-08-27 13:43:10.000000','2021-08-27 13:43:10.000000','달콤씁쓸');
/*!40000 ALTER TABLE `flavor` ENABLE KEYS */;
UNLOCK TABLES;

--
-- Table structure for table `ingredient`
--

DROP TABLE IF EXISTS `ingredient`;
/*!40101 SET @saved_cs_client     = @@character_set_client */;
/*!40101 SET character_set_client = utf8 */;
CREATE TABLE `ingredient` (
  `id` bigint(20) NOT NULL AUTO_INCREMENT,
  `created_at` datetime(6) NOT NULL,
  `updated_at` datetime(6) NOT NULL,
  `name` varchar(50) NOT NULL,
  PRIMARY KEY (`id`),
  UNIQUE KEY `name` (`name`)
) ENGINE=InnoDB AUTO_INCREMENT=63 DEFAULT CHARSET=utf8mb4;
/*!40101 SET character_set_client = @saved_cs_client */;

--
-- Dumping data for table `ingredient`
--

LOCK TABLES `ingredient` WRITE;
/*!40000 ALTER TABLE `ingredient` DISABLE KEYS */;
INSERT INTO `ingredient` VALUES (1,'2021-08-27 13:42:51.000000','2021-08-27 13:42:51.000000','스크류바'),(2,'2021-08-27 13:42:51.000000','2021-08-27 13:42:51.000000','딸기'),(3,'2021-08-27 13:42:51.000000','2021-08-27 13:42:51.000000','쁘디첼워터젤리'),(4,'2021-08-27 13:42:51.000000','2021-08-27 13:42:51.000000','스윗아메리카노'),(5,'2021-08-27 13:42:51.000000','2021-08-27 13:42:51.000000','생크림'),(6,'2021-08-27 13:42:51.000000','2021-08-27 13:42:51.000000','미닛에이드 홈스타일 자몽'),(7,'2021-08-27 13:42:51.000000','2021-08-27 13:42:51.000000','탄산수'),(8,'2021-08-27 13:42:51.000000','2021-08-27 13:42:51.000000','보드카'),(9,'2021-08-27 13:42:51.000000','2021-08-27 13:42:51.000000','파워에이드'),(10,'2021-08-27 13:42:51.000000','2021-08-27 13:42:51.000000','스파클링와인'),(11,'2021-08-27 13:42:51.000000','2021-08-27 13:42:51.000000','폴라포'),(12,'2021-08-27 13:42:51.000000','2021-08-27 13:42:51.000000','매화수'),(13,'2021-08-27 13:42:51.000000','2021-08-27 13:42:51.000000','요구르트'),(14,'2021-08-27 13:42:51.000000','2021-08-27 13:42:51.000000','레몬향 탄산수'),(15,'2021-08-27 13:42:51.000000','2021-08-27 13:42:51.000000','복숭아맛 탄산음료'),(16,'2021-08-27 13:42:51.000000','2021-08-27 13:42:51.000000','밀키스'),(17,'2021-08-27 13:42:51.000000','2021-08-27 13:42:51.000000','깔라만시'),(18,'2021-08-27 13:42:51.000000','2021-08-27 13:42:51.000000','청포도스파클링'),(19,'2021-08-27 13:42:51.000000','2021-08-27 13:42:51.000000','데킬라'),(20,'2021-08-27 13:42:51.000000','2021-08-27 13:42:51.000000','레몬'),(21,'2021-08-27 13:42:51.000000','2021-08-27 13:42:51.000000','토닉워터'),(22,'2021-08-27 13:42:51.000000','2021-08-27 13:42:51.000000','바락수정과'),(23,'2021-08-27 13:42:51.000000','2021-08-27 13:42:51.000000','기네스'),(24,'2021-08-27 13:42:51.000000','2021-08-27 13:42:51.000000','소주'),(25,'2021-08-27 13:42:51.000000','2021-08-27 13:42:51.000000','봉봉청포도맛'),(26,'2021-08-27 13:42:51.000000','2021-08-27 13:42:51.000000','죠스바'),(27,'2021-08-27 13:42:51.000000','2021-08-27 13:42:51.000000','메로나'),(28,'2021-08-27 13:42:51.000000','2021-08-27 13:42:51.000000','클라우드'),(29,'2021-08-27 13:42:51.000000','2021-08-27 13:42:51.000000','럼'),(30,'2021-08-27 13:42:51.000000','2021-08-27 13:42:51.000000','배음료'),(31,'2021-08-27 13:42:51.000000','2021-08-27 13:42:51.000000','사이다'),(32,'2021-08-27 13:42:51.000000','2021-08-27 13:42:51.000000','와인크루저'),(33,'2021-08-27 13:42:51.000000','2021-08-27 13:42:51.000000','라거맥주'),(34,'2021-08-27 13:42:51.000000','2021-08-27 13:42:51.000000','설탕'),(35,'2021-08-27 13:42:51.000000','2021-08-27 13:42:51.000000','오렌지주스'),(36,'2021-08-27 13:42:51.000000','2021-08-27 13:42:51.000000','콜라'),(37,'2021-08-27 13:42:51.000000','2021-08-27 13:42:51.000000','베일리스'),(38,'2021-08-27 13:42:51.000000','2021-08-27 13:42:51.000000','레몬토닉'),(39,'2021-08-27 13:42:51.000000','2021-08-27 13:42:51.000000','흑맥주'),(40,'2021-08-27 13:42:51.000000','2021-08-27 13:42:51.000000','위스키'),(41,'2021-08-27 13:42:51.000000','2021-08-27 13:42:51.000000','순하리 복숭아'),(42,'2021-08-27 13:42:51.000000','2021-08-27 13:42:51.000000','블루큐라소'),(43,'2021-08-27 13:42:51.000000','2021-08-27 13:42:51.000000','깻잎'),(44,'2021-08-27 13:42:51.000000','2021-08-27 13:42:51.000000','쿠키앤크림아이스크림'),(45,'2021-08-27 13:42:51.000000','2021-08-27 13:42:51.000000','이슬톡톡'),(46,'2021-08-27 13:42:51.000000','2021-08-27 13:42:51.000000','앱솔루트 주스'),(47,'2021-08-27 13:42:51.000000','2021-08-27 13:42:51.000000','순하리유자맛'),(48,'2021-08-27 13:42:51.000000','2021-08-27 13:42:51.000000','토마토주스'),(49,'2021-08-27 13:42:51.000000','2021-08-27 13:42:51.000000','비타500'),(50,'2021-08-27 13:42:51.000000','2021-08-27 13:42:51.000000','레몬에이드'),(51,'2021-08-27 13:42:51.000000','2021-08-27 13:42:51.000000','블루레몬에이드'),(52,'2021-08-27 13:42:51.000000','2021-08-27 13:42:51.000000','애플망고 파우치'),(53,'2021-08-27 13:42:51.000000','2021-08-27 13:42:51.000000','원두커피'),(54,'2021-08-27 13:42:51.000000','2021-08-27 13:42:51.000000','모구모구 복숭아 젤리1잔'),(55,'2021-08-27 13:42:51.000000','2021-08-27 13:42:51.000000','맥주'),(56,'2021-08-27 13:42:51.000000','2021-08-27 13:42:51.000000','사과주스'),(57,'2021-08-27 13:42:51.000000','2021-08-27 13:42:51.000000','샴페인'),(58,'2021-08-27 13:42:51.000000','2021-08-27 13:42:51.000000','진'),(59,'2021-08-27 13:42:51.000000','2021-08-27 13:42:51.000000','처음처럼'),(60,'2021-08-27 13:42:51.000000','2021-08-27 13:42:51.000000','홍초'),(61,'2021-08-27 13:42:51.000000','2021-08-27 13:42:51.000000','석류시럽'),(62,'2021-08-27 13:42:51.000000','2021-08-27 13:42:51.000000','핫식스');
/*!40000 ALTER TABLE `ingredient` ENABLE KEYS */;
UNLOCK TABLES;

--
-- Table structure for table `likeposts`
--

DROP TABLE IF EXISTS `likeposts`;
/*!40101 SET @saved_cs_client     = @@character_set_client */;
/*!40101 SET character_set_client = utf8 */;
CREATE TABLE `likeposts` (
  `id` bigint(20) NOT NULL AUTO_INCREMENT,
  `post_id` bigint(20) NOT NULL,
  `user_id` bigint(20) NOT NULL,
  PRIMARY KEY (`id`),
  KEY `likeposts_post_id_cc959fb6_fk_post_id` (`post_id`),
  KEY `likeposts_user_id_795b8a8a_fk_account_user_id` (`user_id`),
  CONSTRAINT `likeposts_post_id_cc959fb6_fk_post_id` FOREIGN KEY (`post_id`) REFERENCES `post` (`id`),
  CONSTRAINT `likeposts_user_id_795b8a8a_fk_account_user_id` FOREIGN KEY (`user_id`) REFERENCES `account_user` (`id`)
) ENGINE=InnoDB AUTO_INCREMENT=2 DEFAULT CHARSET=utf8mb4;
/*!40101 SET character_set_client = @saved_cs_client */;

--
-- Dumping data for table `likeposts`
--

LOCK TABLES `likeposts` WRITE;
/*!40000 ALTER TABLE `likeposts` DISABLE KEYS */;
INSERT INTO `likeposts` VALUES (1,1,1);
/*!40000 ALTER TABLE `likeposts` ENABLE KEYS */;
UNLOCK TABLES;

--
-- Table structure for table `mbti`
--

DROP TABLE IF EXISTS `mbti`;
/*!40101 SET @saved_cs_client     = @@character_set_client */;
/*!40101 SET character_set_client = utf8 */;
CREATE TABLE `mbti` (
  `id` bigint(20) NOT NULL AUTO_INCREMENT,
  `created_at` datetime(6) NOT NULL,
  `updated_at` datetime(6) NOT NULL,
  `question` longtext NOT NULL,
  `answer` json NOT NULL,
  PRIMARY KEY (`id`)
) ENGINE=InnoDB AUTO_INCREMENT=16 DEFAULT CHARSET=utf8mb4;
/*!40101 SET character_set_client = @saved_cs_client */;

--
-- Dumping data for table `mbti`
--

LOCK TABLES `mbti` WRITE;
/*!40000 ALTER TABLE `mbti` DISABLE KEYS */;
INSERT INTO `mbti` VALUES (1,'2021-08-27 13:42:12.000000','2021-08-27 15:45:34.444267','어서오세요 수리수리 혼수리의 주인장 혼수리입니다. 혹시 맹덕이아세요? 요즘것들이라는 회사에 다니는 제 사촌인데....','{\"A\": \"알아요! 혹시 요즘것들 마스코트 용맹덕 아녜요?!\", \"B\": \"요즘것들이라는 회사는 알아요! 그 공모전 대외활동 알림 말고도 자체적으로 프로그램을 진행하는 멋진 사이트 아닌가요?\"}'),(2,'2021-08-27 13:42:12.000000','2021-08-27 13:42:12.000000','오, 예전에 좋은 회사에 취업했다고 자랑하던데...진짜인가보네요... 아 참, 펍은 어떤가요? 멋지죠?','{\"A\": \"멋지네요^^\", \"B\": \"아름답네요^^\", \"C\": \"별로네요. 내 마음에 별로⭐️ ^^,,ㅋ\"}'),(3,'2021-08-27 13:42:12.000000','2021-08-27 13:42:12.000000','ㅎㅎ 원래도 집에서 혼자 술 드시는걸 좋아하시나봐요?','{\"E\": \"원래는 밖에서 왁자지껄 먹는걸 좋아해요\", \"I\": \"네. 혼자 마시는게 좋아요\"}'),(4,'2021-08-27 13:42:12.000000','2021-08-27 13:42:12.000000','오늘은 어떤 일로 혼술을 하러 오셨나요?','{\"F\": \"...그냥 오늘은 잔뜩 취하고 싶네요!\", \"T\": \"그냥 혼술만의 그 분위기가 좋아서요.\"}'),(5,'2021-08-27 13:42:12.000000','2021-08-27 13:42:12.000000','보통 술 마실 때는 얼마나 마셔야겠다 정하고 드시나요?','{\"J\": \"적당히...제 주량만큼...?\", \"P\": \"분위기 따라 주량보다 더 마실때도 있어요\"}'),(6,'2021-08-27 13:42:12.000000','2021-08-27 13:42:12.000000','그렇군요. 만약 힘든일이 있으시다면 방명록에다가 털어놓으셔도 됩니다. 일단 어딘가에 털어놓아도 한결 맘이 편해질거예요!\n지금 마시고 있는 술은 어떤 맛인가요? 저건 마셔본 기억이 잘 안나서....','{\"N\": \"음. 은은하게 향이 올라오고, 목넘김이 아주 좋아요...이러쿵저러쿵...\", \"S\": \"음. 그냥... 맛있습니다.\"}'),(7,'2021-08-27 13:42:12.000000','2021-08-27 13:42:12.000000','그러고보니 원래 그 술은 자주 드세요?','{\"N\": \"아뇨, 도장깨기 중입니다!\", \"S\": \"네. 전 마시던 것만 마셔요\"}'),(8,'2021-08-27 13:42:12.000000','2021-08-27 13:42:12.000000','조만간 저도 마셔봐야겠습니다. 혹시 보통 대화하는건 좋아하시나요?','{\"E\": \"사람들이랑 대화하는걸 원래 좋아해요\", \"I\": \"말수가 없는 편이긴 합니다.\"}'),(9,'2021-08-27 13:42:12.000000','2021-08-27 13:42:12.000000','흠흠...독수리랑 대화는 어떠신지 모르겠네요... 보통 집에서 시간보내는건 좋아하세요?','{\"E\": \"사실 밖에 돌아다니는 걸 더 좋아해요~\", \"I\": \"네! 저는 집이 좋아요~!\"}'),(10,'2021-08-27 13:42:12.000000','2021-08-27 13:42:12.000000','오, 저는 집돌이, 아니 집수리라 집에서 주로 혼술을 즐긴답니다. 술을 좋아하다보니 이렇게 펍까지 차렸네요.\n선곡은 좀 어떤가요?','{\"N\": \"잔잔하면서도 그 안에 리듬감이 느껴지네요.재즈바에 온 것 같아요\", \"S\": \"유튜브에서 종종 듣는 lo-fi 같고 좋네요. 잔잔하니 좋습니다.\"}'),(11,'2021-08-27 13:42:12.000000','2021-08-27 13:42:12.000000','감사합니다. 노래는 주인장 취향입니다. 보통 사람들이랑 술을 마실 때는 어떤 스타일인가요?','{\"F\": \"그냥 적당히 각자 주량만큼 취하는게 좋지\", \"T\": \"얼마 안마셨는데 밑잔 빼는 건 용납 못해!\"}'),(12,'2021-08-27 13:42:12.000000','2021-08-27 13:42:12.000000','그렇군요.보통 술자리에서 친구를 위로할 때는 어떻게 하세요? 저는 그냥 묵묵히 들어주다가 조언을 해주게 되더라구요','{\"F\": \"저는 일단 공감부터 해요\", \"T\": \"저도 현실적인 조언을 하게 되어요\"}'),(13,'2021-08-27 13:42:12.000000','2021-08-27 13:42:12.000000','그렇군요. 근데 요즘은 또 코로나때문에 여러명이서 술마시기 힘들죠. 코로나 끝나고 하고 싶은 게 따로 있으세요?','{\"J\": \"그럼요, 하나하나 머릿속으론 다 리스트를 짜놨답니다.\", \"P\": \"두루뭉실하게 뭘 해야겠다! 하는건 있어요\"}'),(14,'2021-08-27 13:42:12.000000','2021-08-27 13:42:12.000000','오, 혹시 뭘 제일 하고싶으신가요?','{\"A\": \"여행!\", \"B\": \"문화생활!\", \"C\": \"사람들 만나고다니기!\", \"D\": \"그 외!\"}'),(15,'2021-08-27 13:42:12.000000','2021-08-27 13:42:12.000000','저도 빨리 코로나가 끝나면 여행을 가고 싶네요. 요즘 스트레스가 너무 쌓여서 원.... 보통 여행은 즉흥여행 좋아하세요?','{\"J\": \"스케줄은 다 짜놓고 가는 편이죠?\", \"P\": \"여행은 원래 유동적인 맛이죠\"}');
/*!40000 ALTER TABLE `mbti` ENABLE KEYS */;
UNLOCK TABLES;

--
-- Table structure for table `mbti_result`
--

DROP TABLE IF EXISTS `mbti_result`;
/*!40101 SET @saved_cs_client     = @@character_set_client */;
/*!40101 SET character_set_client = utf8 */;
CREATE TABLE `mbti_result` (
  `id` bigint(20) NOT NULL AUTO_INCREMENT,
  `created_at` datetime(6) NOT NULL,
  `updated_at` datetime(6) NOT NULL,
  `mbti` varchar(10) NOT NULL,
  `comment` longtext NOT NULL,
  `recipe_id` bigint(20) NOT NULL,
  PRIMARY KEY (`id`),
  UNIQUE KEY `mbti` (`mbti`),
  UNIQUE KEY `recipe_id` (`recipe_id`),
  CONSTRAINT `mbti_result_recipe_id_020c9b29_fk_recipe_id` FOREIGN KEY (`recipe_id`) REFERENCES `recipe` (`id`)
) ENGINE=InnoDB AUTO_INCREMENT=17 DEFAULT CHARSET=utf8mb4;
/*!40101 SET character_set_client = @saved_cs_client */;

--
-- Dumping data for table `mbti_result`
--

LOCK TABLES `mbti_result` WRITE;
/*!40000 ALTER TABLE `mbti_result` DISABLE KEYS */;
INSERT INTO `mbti_result` VALUES (1,'2021-08-27 13:52:45.293013','2021-08-27 13:52:45.293047','ESFJ','해치지 않아요',3),(2,'2021-08-27 13:53:01.601729','2021-08-27 13:53:01.601768','ISFJ','나는 평화주의자',4),(3,'2021-08-27 13:53:14.232982','2021-08-27 13:53:14.233023','ENTJ','한 번 잡솨봐',5),(4,'2021-08-27 13:53:36.204396','2021-08-27 13:53:36.204437','INFP','부드럽지만 깊다',8),(5,'2021-08-27 13:54:07.764039','2021-08-27 13:54:07.764075','INTJ','집처럼 편한 게 좋아',12),(6,'2021-08-27 13:54:32.052735','2021-08-27 13:54:32.052766','ESFP','미루다가 한번에 확',13),(7,'2021-08-27 15:48:04.052659','2021-08-27 15:48:04.052693','ENTP','넘치는 에너지',16),(8,'2021-08-28 06:06:51.801209','2021-08-28 06:06:51.801249','ESTP','블루라군',20),(9,'2021-08-28 06:23:30.850796','2021-08-28 06:23:30.850828','ESTJ','마이웨이',22),(10,'2021-08-28 06:23:52.056235','2021-08-28 06:23:52.056266','INFJ','감성 가득',24),(11,'2021-08-28 06:24:07.178333','2021-08-28 06:24:07.178368','INTP','고독하지만 고급스러워',25),(12,'2021-08-28 09:46:47.486194','2021-08-28 09:46:47.486226','ISTJ','조용한게 좋아',27),(13,'2021-08-28 09:47:05.569754','2021-08-28 09:47:05.569795','ISFP','어쩔땐 내향적 어쩔땐 외향적',28),(14,'2021-08-28 10:17:32.499195','2021-08-28 10:17:32.499234','ENFP','낯설어도  잘 어울릴걸',32),(15,'2021-08-28 10:18:03.521096','2021-08-28 10:18:03.521131','ISTP','부끄럼타는 힙스터',34),(16,'2021-08-28 10:18:21.341761','2021-08-28 10:18:21.341791','ENFJ','내가 바로 \'주류\'',36);
/*!40000 ALTER TABLE `mbti_result` ENABLE KEYS */;
UNLOCK TABLES;

--
-- Table structure for table `music`
--

DROP TABLE IF EXISTS `music`;
/*!40101 SET @saved_cs_client     = @@character_set_client */;
/*!40101 SET character_set_client = utf8 */;
CREATE TABLE `music` (
  `id` bigint(20) NOT NULL AUTO_INCREMENT,
  `created_at` datetime(6) NOT NULL,
  `updated_at` datetime(6) NOT NULL,
  `title` varchar(100) NOT NULL,
  `photo` varchar(100) NOT NULL,
  `singer` varchar(100) NOT NULL,
  `file_name` varchar(100) NOT NULL,
  PRIMARY KEY (`id`)
) ENGINE=InnoDB AUTO_INCREMENT=5 DEFAULT CHARSET=utf8mb4;
/*!40101 SET character_set_client = @saved_cs_client */;

--
-- Dumping data for table `music`
--

LOCK TABLES `music` WRITE;
/*!40000 ALTER TABLE `music` DISABLE KEYS */;
INSERT INTO `music` VALUES (1,'2021-08-27 13:43:17.000000','2021-08-27 13:43:17.000000','CHILL하게 즐겨보자','chill_01.png','James C. Cox','bg_chill_01.mp3'),(2,'2021-08-27 13:43:17.000000','2021-08-27 13:43:17.000000','JAZZ...좋아하세요...?','jazz_01.png','Unwind Station','bg_jazz_01.mp3'),(3,'2021-08-27 13:43:17.000000','2021-08-27 13:43:17.000000','오늘은 FUTURE FUNK 다!','funk_01.png','Funcold YT','bg_funk_01.mp3'),(4,'2021-08-27 13:43:17.000000','2021-08-27 13:43:17.000000','감성 가득 GROOVY 비트','chill_02.png','James C. Cox','bg_chill_02.mp3');
/*!40000 ALTER TABLE `music` ENABLE KEYS */;
UNLOCK TABLES;

--
-- Table structure for table `post`
--

DROP TABLE IF EXISTS `post`;
/*!40101 SET @saved_cs_client     = @@character_set_client */;
/*!40101 SET character_set_client = utf8 */;
CREATE TABLE `post` (
  `id` bigint(20) NOT NULL AUTO_INCREMENT,
  `created_at` datetime(6) NOT NULL,
  `updated_at` datetime(6) NOT NULL,
  `content` longtext NOT NULL,
  `user_id` bigint(20) NOT NULL,
  PRIMARY KEY (`id`),
  KEY `post_user_id_e5dbe93c_fk_account_user_id` (`user_id`),
  CONSTRAINT `post_user_id_e5dbe93c_fk_account_user_id` FOREIGN KEY (`user_id`) REFERENCES `account_user` (`id`)
) ENGINE=InnoDB AUTO_INCREMENT=14 DEFAULT CHARSET=utf8mb4;
/*!40101 SET character_set_client = @saved_cs_client */;

--
-- Dumping data for table `post`
--

LOCK TABLES `post` WRITE;
/*!40000 ALTER TABLE `post` DISABLE KEYS */;
INSERT INTO `post` VALUES (1,'2021-08-27 14:12:18.907699','2021-08-27 14:12:18.907755','불금엔 집에서 펜하+와인 히힣.. 다들 불금 보내시고 계신가요?',3),(2,'2021-08-28 07:16:25.947983','2021-08-28 07:16:25.948019','부드럽게 너에게 다가간다',6),(3,'2021-08-28 07:23:17.702949','2021-08-28 07:23:17.702992','다시 한 번 TEST',6),(4,'2021-08-28 07:29:11.906994','2021-08-28 07:29:11.907031','두번째 TEST',6),(5,'2021-08-28 07:30:34.605525','2021-08-28 07:30:34.605571','세번째 TEST',6),(6,'2021-08-28 08:07:47.792316','2021-08-28 08:07:47.792369','9개 만들기',6),(7,'2021-08-28 08:08:07.145537','2021-08-28 08:08:07.145583','9개 만들기',6),(8,'2021-08-28 08:08:16.167707','2021-08-28 08:08:16.167746','페이지네이션 TEST',6),(9,'2021-08-28 08:08:25.551131','2021-08-28 08:08:25.551188','페이지네이션 TEST2',6),(10,'2021-08-28 08:08:36.023330','2021-08-28 08:08:36.023376','페이지네이션 TEST3',6),(11,'2021-08-28 10:24:59.863816','2021-08-28 10:24:59.863853','사진보이나?제발~',13),(12,'2021-08-28 10:25:54.347962','2021-08-28 10:25:54.347998','사진보이나?제발~',13),(13,'2021-08-28 10:27:17.913301','2021-08-28 10:27:17.913337','착한사람들 눈에만 보이는 헤드폰',13);
/*!40000 ALTER TABLE `post` ENABLE KEYS */;
UNLOCK TABLES;

--
-- Table structure for table `postImage`
--

DROP TABLE IF EXISTS `postImage`;
/*!40101 SET @saved_cs_client     = @@character_set_client */;
/*!40101 SET character_set_client = utf8 */;
CREATE TABLE `postImage` (
  `id` bigint(20) NOT NULL AUTO_INCREMENT,
  `created_at` datetime(6) NOT NULL,
  `updated_at` datetime(6) NOT NULL,
  `image` varchar(100) DEFAULT NULL,
  `post_id` bigint(20) NOT NULL,
  PRIMARY KEY (`id`),
  KEY `postImage_post_id_a9cf08e8_fk_post_id` (`post_id`),
  CONSTRAINT `postImage_post_id_a9cf08e8_fk_post_id` FOREIGN KEY (`post_id`) REFERENCES `post` (`id`)
) ENGINE=InnoDB AUTO_INCREMENT=8 DEFAULT CHARSET=utf8mb4;
/*!40101 SET character_set_client = @saved_cs_client */;

--
-- Dumping data for table `postImage`
--

LOCK TABLES `postImage` WRITE;
/*!40000 ALTER TABLE `postImage` DISABLE KEYS */;
INSERT INTO `postImage` VALUES (1,'2021-08-27 14:12:18.910672','2021-08-27 14:12:18.910702','posts/wine.jpeg',1),(2,'2021-08-28 07:30:34.608146','2021-08-28 07:30:34.608180','posts/286d05c41e5a.jpg',5),(3,'2021-08-28 08:07:47.795533','2021-08-28 08:07:47.795564','posts/toy_icon.png',6),(4,'2021-08-28 08:08:07.148232','2021-08-28 08:08:07.148264','posts/toy_icon_XCJiqJd.png',7),(5,'2021-08-28 08:08:16.172540','2021-08-28 08:08:16.172569','posts/toy_icon_IhEIIps.png',8),(6,'2021-08-28 08:08:25.553952','2021-08-28 08:08:25.553980','posts/toy_icon_BLHehH1.png',9),(7,'2021-08-28 08:08:36.026249','2021-08-28 08:08:36.026280','posts/toy_icon_0YJ2h3Y.png',10);
/*!40000 ALTER TABLE `postImage` ENABLE KEYS */;
UNLOCK TABLES;

--
-- Table structure for table `recipe`
--

DROP TABLE IF EXISTS `recipe`;
/*!40101 SET @saved_cs_client     = @@character_set_client */;
/*!40101 SET character_set_client = utf8 */;
CREATE TABLE `recipe` (
  `id` bigint(20) NOT NULL AUTO_INCREMENT,
  `created_at` datetime(6) NOT NULL,
  `updated_at` datetime(6) NOT NULL,
  `name` varchar(100) NOT NULL,
  `photo` varchar(100) NOT NULL,
  `how_to_mix` longtext NOT NULL,
  `detail_contents` longtext NOT NULL,
  `youtube_link` varchar(2000) NOT NULL,
  PRIMARY KEY (`id`)
) ENGINE=InnoDB AUTO_INCREMENT=38 DEFAULT CHARSET=utf8mb4;
/*!40101 SET character_set_client = @saved_cs_client */;

--
-- Dumping data for table `recipe`
--

LOCK TABLES `recipe` WRITE;
/*!40000 ALTER TABLE `recipe` DISABLE KEYS */;
INSERT INTO `recipe` VALUES (1,'2021-08-24 12:13:52.830154','2021-08-24 12:13:52.830202','스크류키스','screwkiss.png','1. 얼음을 채운 잔에 스크류바를 거꾸로 세워 넣는다. /n\r\n2. 소주와 사이다를 1:1비율로 섞고, 기호에 따라 레몬을 넣는다.','<p><img src=\"https://t1.daumcdn.net/cfile/tistory/99259E465B3B4EB714\" /></p>\r\n\r\n<p>핑크빛 달콤함</p>\r\n\r\n<hr />\r\n<p>아이스크림 칵테일을 만드는 방법은 대부분 엄청나게 간단한데요 +_+ 특히 가장 유명하고, 보편적인 맛을 지닌 스크류키스 칵테일은 요즘 유행하는 과일 소주 못지 않게 달콤한 맛을 자랑한답니다.&nbsp;</p>\r\n\r\n<p><span style=\"color:#ffffff\"><span style=\"background-color:#000000\">재료</span></span></p>\r\n\r\n<p>스크류바, 소주, 사이다, 얼음</p>\r\n\r\n<p><img src=\"https://t1.daumcdn.net/cfile/tistory/9928A7435B3B4EB716\" /></p>\r\n\r\n<p><span style=\"color:#ffffff\"><span style=\"background-color:#000000\">만들기</span></span></p>\r\n\r\n<p>① 얼음을 채워주세요.</p>\r\n\r\n<p>②&nbsp;스크류바를 넣어주세요.</p>\r\n\r\n<p>③&nbsp;소주와 사이다를 1:2 비율로 넣어 섞으면 완성!&nbsp;</p>','https://youtu.be/R9IuHMWslnM#t=322'),(2,'2021-08-24 12:15:51.372940','2021-08-24 12:15:51.372975','메로나주','meronaju.png','1. 얼음을 채운 잔에 메로나를 거꾸로 세워 넣는다. /n\r\n2. 소주와 사이다를 1:2비율로 섞는다.','<p><big><span style=\"color:#2ecc71\"><strong>메로나 + 사이다 + 소주 = 우쭈쭈 메로니주!</strong></span></big></p>\r\n\r\n<p><img src=\"https://cdn.univ20.com/wp-content/uploads/2011/03/2c27090251fde8275665978969574e74.png\" /></p>\r\n\r\n<p><em><strong>&ndash; 레시피: 잔에 메로나 막대가 위로 가도록 꽂는다. 소주와 사이다를 1:3 비율로 섞는다.</strong></em></p>\r\n\r\n<p><img src=\"https://cdn.univ20.com/wp-content/uploads/2011/03/bc537dba1a57dd1f2337af437565a45f.png\" /></p>\r\n\r\n<p>마음에 드는 이성이 소주의 쓴맛을 싫어해 달콤한 술을 원한다면? 화장실 가는 척 슬쩍 편의점에서 메로나와 사이다를 산다. 맥주잔에 우쭈쭈 메로니주를 말아서 건넨다.&nbsp;<strong>속보이는 추파에 다들 야유와 비난과 질타로 바쁘겠지만 이성의 마음에는 한 떨기 노오란 멜론 꽃이 피어났을 것이다.</strong></p>','https://youtu.be/R9IuHMWslnM#t=257'),(3,'2021-08-24 12:18:05.709095','2021-08-24 12:18:05.709129','버블탱크','bubbletank.png','1. 얼음을 채운잔에 소주와 사이다를 1:3 비율로 따른다. /n\r\n2. 녹아서 슬러시처럼 된 탱크보이를 넣는다.','<p><img src=\"https://t1.daumcdn.net/cfile/tistory/226ECC39529F5FDB2A\" /></p>\r\n\r\n<p>버블탱크: 소주+사이다+탱크보이</p>','https://www.youtube.com/watch?v=SXZDw9uf2uE#t=52'),(4,'2021-08-25 07:07:41.674466','2021-08-25 07:07:41.674509','밀키스 레몬에이드','milkisslemonade.png','1.얼음을 컵의 1/3정도 채운다. /n\r\n2.밀키스와 블루레몬에이드와 소주를 4:3:3 비율로 넣는다','<p><img src=\"https://t1.daumcdn.net/cfile/tistory/9917D4335B0AAE6937\" /></p>','https://youtu.be/R9IuHMWslnM#t=40'),(5,'2021-08-25 07:27:41.293646','2021-08-25 07:27:41.293677','모구모구 스파클링','mogumogusparkling.png','1.얼음을 컵에 적당히 채운다. \\n\r\n2. 모구모구와 미닛 스파클링과 소주를 2:2:1 비율로 넣는다. \\n\r\n3.젤리가 들어가있기 때문에, 잘 섞어준다.','<p><img src=\"https://www.dailypop.kr/news/photo/202103/49669_98349_1343.png\" /><br />\r\n모구모구에는 탄산이 없어서 아쉽다고 생각하신 분들이 많이 계실 거라고 생각되는데요. 이 칵테일을 통해서 탄산 있는 모구모구의 맛을 즐기실 수 있습니다!<br />\r\n<br />\r\n&nbsp;<img src=\"https://www.dailypop.kr/news/photo/202103/49669_98350_142.jpg\" /><br />\r\n<br />\r\n준비물은 <strong>모구모구 복숭아 젤리(1,500원), 미닛 스파클링 복숭아(1,200원), 소주, 얼음</strong>입니다.<br />\r\n<br />\r\n(*가격은 2021년 2월 13일 CU 편의점 기준입니다.)<br />\r\n<br />\r\n탄산이 있는 모구모구를 연출하기 자연스럽게 연출하기 위해서 모구모구와 스파클링 모두 복숭아 맛으로 통일해 줬어요.<br />\r\n<br />\r\n​<br />\r\n<br />\r\n❶ 칵테일을 만들 잔에 얼음을 적당히 넣습니다.<br />\r\n<br />\r\n❷ 모구모구와 미닛 스파클링을 1 대 1 비율로 넣습니다.<br />\r\n<br />\r\n저는 소주잔 기준으로 밀키스 1잔, 블루레몬에이드 1잔을 넣었습니다.<br />\r\n<br />\r\n❸ 소주 1oz (소주잔 기준 반 잔)을 넣는다.<br />\r\n<br />\r\n➍ 잘 섞어주면 &lsquo;모구모구 스파클링&rsquo; 완성!<br />\r\n<br />\r\n모구모구에는 젤리가 들어있기 때문에 특히 더 잘 섞어줘야 해요.<br />\r\n<br />\r\n​<img src=\"https://www.dailypop.kr/news/photo/202103/49669_98351_1416.jpg\" /><br />\r\n<br />\r\n이 칵테일도 색이 정말 예뻐요. 색은 핑크빛이 섞인 주황색이고, 얼음과 모구모구 젤리가 색감을 더 예쁘게 만들어 준답니다. 얼음이 젤리가 나오는 것을 막기 때문에 모구모구의 젤리를 좋아하시는 분이라면 스무디용 빨대를 사용하시거나 얼음을 넣지 않는 것을 추천드려요.<br />\r\n<br />\r\n모구모구와 스파클링을 섞었을 때는 술맛이 많이 나기 때문에, 들어간 소주 양은 첫 번째 칵테일보다 적음에도 소주의 맛과 향이 더 많이 난다고 느껴질 수 있어요.<br />\r\n<br />\r\n출처 :&nbsp;<a href=\"https://www.dailypop.kr/news/articleView.html?idxno=49669\">데일리팝(http://www.dailypop.kr)</a></p>','https://youtu.be/R9IuHMWslnM#t=83'),(6,'2021-08-25 07:48:07.864853','2021-08-25 07:48:07.864884','이슬톡톡자몽칵테일','leeseultoktokjamongcocktail.png','1. 얼음을 컵 1/2만큼 채운다. \\n\r\n2. 미닛메이드 홈스타일 자몽과 이슬톡톡을 2:1 비율로 넣어준다.','<p><img alt=\"Lifeplus] 러브지수 상승♥ 편의점 홈칵테일 7\" src=\"https://t2.daumcdn.net/thumb/R720x0/?fname=http://t1.daumcdn.net/brunch/service/user/2OhT/image/rrHmuOH4h3tVe4hZgWca-ajrJvw.jpg\" /></p>','https://www.youtube.com/watch?v=p7dxtb7QOsE#t=59'),(7,'2021-08-25 07:59:00.276008','2021-08-25 07:59:00.276040','죠스바칵테일','jawsbarcocktail.png','1. 얼음을 컵 2/3만큼 채운다. \\n\r\n2. 죠스바 투하 \\n\r\n3. 소주, 사이다, 와인크루저를 1:3:2 비율로 타준다.','<p><img src=\"https://t1.daumcdn.net/cfile/tistory/99E19E455B3B4EB70C\" style=\"height:700px; width:700px\" />샤크어택</p>\r\n\r\n<p>죠스바주는 빛깔마저 여름밤에 어울리는 아이스크림 칵테일인데요! 에메랄드 빛의 크루저 맥주를 마지막에 넣으면 비주얼이 더 달달해 진답니다 +_+&nbsp;</p>\r\n\r\n<p>&lt;재료&gt;</p>\r\n\r\n<p>죠스바, 크루저, 소주, 사이다, 얼음</p>\r\n\r\n<p><img src=\"https://t1.daumcdn.net/cfile/tistory/997C313E5B3B4EB81F\" style=\"height:354px; width:590px\" /></p>\r\n\r\n<p>&lt;만드는 법&gt;</p>\r\n\r\n<p>① 얼음을 채워주세요.</p>\r\n\r\n<p>②&nbsp;죠스바를 넣어주세요.</p>\r\n\r\n<p>③&nbsp;소주와 사이다, 크루저를 1:2:0.5 비율로 넣어 섞으면 완성!&nbsp;</p>','https://www.youtube.com/watch?v=p7dxtb7QOsE#t=5'),(8,'2021-08-25 08:05:29.118572','2021-08-25 08:05:29.118605','깔루아밀크','kahluamilk.png','1. 소주와 스윗아메리카노를 1:2 비율로 넣는다. \\n\r\n2. 남은 부분은 생크림으로 가득 채워준다. \\n\r\n3. 생크림 대신 우유도 가능하다.','<p><img src=\"https://blog.kakaocdn.net/dn/ZQnL7/btqQPyGsJBH/htwHP1Z98OFLcK6eS5Mwp1/img.jpg\" /></p>\r\n\r\n<p>깔루아밀크 재료</p>\r\n\r\n<p>&nbsp;</p>\r\n\r\n<p>* 소주 1 : 스윗아메리카로 2 비율로 넣는다.</p>\r\n\r\n<p>* 남은 부분은 생크림으로 가득 채운다.</p>','https://youtu.be/sdAUQvs4ygE'),(9,'2021-08-25 08:05:39.717541','2021-08-25 08:05:39.717572','폴라포 소다','polaposoda.png','1. 폴라포와 넣은 후, 잘게 으깬다. \\n\r\n2. 탄산수와 소주를 폴라포 1 기준 2:1 비율로 넣는다.','<p><img alt=\"폴라포주\" src=\"https://cdn.signpen.net/2020/06/IMG_1661-e1593185362401-400x534.jpg\" /></p>\r\n\r\n<p>폴라포주</p>\r\n\r\n<p>소주에 우리가 알고 있는 폴라포 아이스크림을 섞어서 소주를 더 시원하게 즐기는 방법입니다.</p>\r\n\r\n<p>폴라포의 과일 향이 소주에 더 해져 상큼하고 시원하며, 비주얼은 칵테일을 연상케 합니다.</p>\r\n\r\n<p>술을 잘 못 하는 사람도 부담 없이 소주를 즐길 수 있는 방법이기 때문에 가볍게 한잔하고 싶은 분들께 추천합니다.</p>\r\n\r\n<p><img alt=\"폴라포주 준비물\" src=\"https://cdn.signpen.net/2020/06/IMG_1648-1024x768.jpg\" /></p>\r\n\r\n<ul>\r\no<li>폴라포</li>\r\no<li>소주</li>\r\no<li>토닉워터</li>\r\n</ul>\r\n\r\n<p>폴라포주를 만들기 위한 정석은 없습니다. 폴라포, 소주와 토닉워터를 섞는 것이 가장 잘 알려진 일반적인 방법입니다.</p>\r\n\r\n<p><strong>토닉워터 대신 탄산수를 사용해도 무방합니다.</strong></p>\r\n\r\n<p><a href=\"https://cdn.signpen.net/2020/06/IMG_1650-e1593186384177.jpg\"><img alt=\"소주 베이스에 폴라포 추가\" src=\"https://cdn.signpen.net/2020/06/IMG_1650-e1593186384177.jpg\" style=\"height:615px; width:500px\" /></a></p>\r\n\r\n<p>소주 베이스에 폴라포 추가</p>\r\n\r\n<p>잔에 소주를 1/3 채운 후 폴라포를 투입합니다.</p>\r\n\r\n<p>폴라포가 들어가면 소주 수면이 상승하기 때문에 소주가 잔의 절반 정도 높이로 올라옵니다.</p>\r\n\r\n<p><a href=\"https://cdn.signpen.net/2020/06/IMG_1652-e1593187330427.jpg\"><img alt=\"토닉워터 첨가\" src=\"https://cdn.signpen.net/2020/06/IMG_1652-e1593187330427.jpg\" style=\"height:667px; width:500px\" /></a></p>\r\n\r\n<p>토닉워터 첨가</p>\r\n\r\n<p>잔에 남은 부분을 토닉워터로 채워 줍니다.</p>\r\n\r\n<p><a href=\"https://cdn.signpen.net/2020/06/IMG_1653-e1593187451529.jpg\"><img alt=\"폴라포주 완성\" src=\"https://cdn.signpen.net/2020/06/IMG_1653-e1593187451529.jpg\" style=\"height:667px; width:500px\" /></a></p>\r\n\r\n<p>폴라포주 완성</p>\r\n\r\n<p>이제 폴라포주가 완성되었습니다.</p>\r\n\r\n<p>처음엔 맑은 색이지만 폴라포가 조금씩 녹으면서 색이 더 진해집니다.</p>','https://youtu.be/R9IuHMWslnM#t=303'),(10,'2021-08-25 08:12:12.824399','2021-08-25 08:12:12.824431','애플파이 칵테일','applepiecocktail.png','1. 얼음을 컵의 2/3만큼 채운다. \\n\r\n2. 사과주스, 수정과, 소주를 1:1:1의 비율로 넣어준다.','<h5>무슨 맛인가 했더니, 그 맛이었어!</h5>\r\n\r\n<p><a href=\"https://m.post.naver.com/viewer/postView.nhn?volumeNo=13316991&amp;memberNo=37778488#\"><img alt=\"\" id=\"SEDOC-1523610114254-1537518864_image_11_img\" src=\"https://post-phinf.pstatic.net/MjAxODAyMjZfNzAg/MDAxNTE5NjA3MzY1MzMx.8R85E7Cp-w90CU_wfaFAcThUVJA3NQAaASSNuzCIF-Mg.xWrHhxcEj2xFg0LqfTngjzKgSPvetTLgJR6uA6zVduwg.JPEG/0601_%281%29.jpg?type=w1200\" style=\"height:744px; width:1000px\" /></a></p>\r\n\r\n<p><strong>1.&nbsp;</strong>사과주스의 상큼함과 수정과의 계피향이 소주를 만나 애플파이맛 탄생, 빠밤!<br />\r\n<strong>2.&nbsp;</strong>리얼 사과와 계피를 사용한다면 더 제대로 된 본연의 맛이 내 입안에<br />\r\n<strong>3.&nbsp;</strong>냉장고 속 사과조각으로 장식하면 어엿한 칵테일 비주얼</p>\r\n\r\n<p><a href=\"https://m.post.naver.com/viewer/postView.nhn?volumeNo=13316991&amp;memberNo=37778488#\"><img alt=\"\" id=\"SEDOC-1523610114254-1537518864_image_12_img\" src=\"https://post-phinf.pstatic.net/MjAxODAyMjZfMTcw/MDAxNTE5NjA3MzY5NzAx.doq6N5DrwbvoDXyzWc4OvEWtiVhtlM-gUU3ZRJUnbvAg.DsdOV7ozNa2lWBA_YI1SuczMbMjNBgdZC3YM46v5a2Ag.JPEG/0602_%281%29.jpg?type=w1200\" style=\"height:744px; width:1000px\" /></a></p>\r\n\r\n<p>&nbsp;</p>\r\n\r\n<h3>Information</h3>\r\n\r\n<ul>\r\no<li>재료 : 소주, 수정과, 사과주스</li>\r\no<li>처음처럼 소주 (360ml) :&nbsp;1,600원대<br />\r\no비락 수정과 (280ml) :&nbsp;900원대<br />\r\no따옴 사과 (200ml) :&nbsp;1,800원대</li>\r\n</ul>','https://youtu.be/kH_rIYSAnIk'),(11,'2021-08-25 08:30:11.040044','2021-08-25 08:30:11.040077','밀키스주','milkisju.png','1. 소주와 맥주와 사이다를 1:1:1 비율로 넣어준다. \\n\r\n2. 잔의 윗부분을 막고, 잔의 바닥을  탁 쳐준다. \\n\r\n3. 밀키스 같은 거품이 올라오면 바로 마신다.','<p><img id=\"img_7\" src=\"https://mblogthumb-phinf.pstatic.net/20120824_95/prod03_13458046689746nCo7_JPEG/%B9%D0%C5%B0%BD%BA%BC%D2%B8%C6.jpg?type=w2\" /></p>\r\n\r\n<p>&nbsp;</p>\r\n\r\n<p>소주잔 3개에 각각 소주, 맥주, 사이다를 70% 정도 붓고 3개의 소주잔을</p>\r\n\r\n<p>맥주잔에 부어 잘 섞어보자 폭탄주를 제조할 때는 글라스를 휴지로 막아주는 센스는 잊지 말아주세요.</p>\r\n\r\n<p>&nbsp;</p>\r\n\r\n<p>&nbsp;</p>\r\n\r\n<p>4~5회 손목의 스냅으로 섞은 후 바닥에 &ldquo;탁&rdquo;하고 내려 놓으면 거품이 일며 달콤</p>\r\n\r\n<p>쌉싸름한 밀키스 맛의 폭탄주 밀키스소맥이 완성된답니다.</p>\r\n\r\n<p>&nbsp;</p>\r\n\r\n<p>&nbsp;</p>\r\n\r\n<p>밀키스소맥이라고 밀키스가 들어가는 것이 아니라 사이다가 들어가는것 잊지마세요.</p>','https://www.youtube.com/watch?v=lehg0RpQQ4g'),(12,'2021-08-25 08:42:04.132073','2021-08-25 08:42:04.132116','쁘띠쁘띠주','bbiddibbiddiju.png','1. 얼음을 컵의 2/3만큼 채운다. \\n\r\n2. 순하리 복숭아와 쁘디첼 워터젤리를 1:4의 비율로 넣어준다.','<p><img id=\"img_10\" src=\"https://mblogthumb-phinf.pstatic.net/20151018_197/sosimiking_1445175652030N9AvB_JPEG/%C1%FD%BF%A1%BC%AD%B0%A3%B4%DC%C8%F7%B8%B8%B5%E9%BC%F6%C0%D6%B4%C2%C4%AC%C5%D7%C0%CF%B7%B9%BD%C3%C7%C7%2C%C6%ED%C0%C7%C1%A1%C7%A5%C4%AC%C5%D7%C0%CF%B7%B9%BD%C3%C7%C7%2C%C4%AC%C5%D7%C0%CF%B7%B9%BD%C3%C7%C7%2C%BB%DA%B6%EC%BB%DA%B6%EC%C1%D6%2C%BC%D2%C1%D6%C4%AC%C5%D7%C0%CF%B7%B9%BD%C3%C7%C7%2C%C4%AC%C5%D7%C0%CF%2Cgs25_%2823%29.jpg?type=w2\" /></p>\r\n\r\n<p>&nbsp;</p>\r\n\r\n<p>&nbsp;</p>\r\n\r\n<p>자~~~!!! 글엄 본격적으로&nbsp;편의점표 소주칵테일 쁘띠쁘띠주 만들어 볼까요?!!!</p>\r\n\r\n<p>준비물은 완전 심플합니다.</p>\r\n\r\n<p>&nbsp;</p>\r\n\r\n<p>&nbsp;</p>\r\n\r\n<p>준비물 : 쁘띠첼 워터젤리, 소주, 얼음</p>\r\n\r\n<p>&nbsp;</p>\r\n\r\n<p>라늬씨는 집에 굴러 다니는 순하리 처음처럼 복숭아로 만들어 보았구요,</p>\r\n\r\n<p>쁘띠첼은 복숭아, 자몽으로 초이스-</p>\r\n\r\n<p>&nbsp;</p>\r\n\r\n<p>&nbsp;</p>\r\n\r\n<p>알코올 도수가 조금 더 높은 칵테일을 원츄 하신다면 두꺼비 뭐 그런걸로 하시긔!!!</p>\r\n\r\n<p>&nbsp;</p>\r\n\r\n<p>&nbsp;</p>\r\n\r\n<p>&nbsp;</p>\r\n\r\n<p>&nbsp;</p>\r\n\r\n<p>&nbsp;</p>\r\n\r\n<p>&nbsp;</p>\r\n\r\n<p><img id=\"img_11\" src=\"https://mblogthumb-phinf.pstatic.net/20151018_22/sosimiking_14451756514054vJme_JPEG/%C1%FD%BF%A1%BC%AD%B0%A3%B4%DC%C8%F7%B8%B8%B5%E9%BC%F6%C0%D6%B4%C2%C4%AC%C5%D7%C0%CF%B7%B9%BD%C3%C7%C7%2C%C6%ED%C0%C7%C1%A1%C7%A5%C4%AC%C5%D7%C0%CF%B7%B9%BD%C3%C7%C7%2C%C4%AC%C5%D7%C0%CF%B7%B9%BD%C3%C7%C7%2C%BB%DA%B6%EC%BB%DA%B6%EC%C1%D6%2C%BC%D2%C1%D6%C4%AC%C5%D7%C0%CF%B7%B9%BD%C3%C7%C7%2C%C4%AC%C5%D7%C0%CF%2Cgs25_%2820%29.jpg?type=w2\" /></p>\r\n\r\n<p>&nbsp;</p>\r\n\r\n<p>​</p>\r\n\r\n<p>​ 마시는 상금한 과일 디저트 쁘띠첼 워터젤리!!!<br />\r\n시원한 워터젤리와 상금한 과즙이 어우러진 리프레싱 디저트 입니다.</p>\r\n\r\n<p>&nbsp;</p>\r\n\r\n<p>​</p>\r\n\r\n<p>몽글몽글 알갱이 형태의 워터타입의 젤리예요.</p>\r\n\r\n<p>&nbsp;</p>\r\n\r\n<p>&nbsp;</p>\r\n\r\n<p>&nbsp;</p>\r\n\r\n<p>​</p>\r\n\r\n<p>​</p>\r\n\r\n<p>​</p>\r\n\r\n<p><img id=\"img_12\" src=\"https://mblogthumb-phinf.pstatic.net/20151018_274/sosimiking_1445175652664V58qe_JPEG/%C1%FD%BF%A1%BC%AD%B0%A3%B4%DC%C8%F7%B8%B8%B5%E9%BC%F6%C0%D6%B4%C2%C4%AC%C5%D7%C0%CF%B7%B9%BD%C3%C7%C7%2C%C6%ED%C0%C7%C1%A1%C7%A5%C4%AC%C5%D7%C0%CF%B7%B9%BD%C3%C7%C7%2C%C4%AC%C5%D7%C0%CF%B7%B9%BD%C3%C7%C7%2C%BB%DA%B6%EC%BB%DA%B6%EC%C1%D6%2C%BC%D2%C1%D6%C4%AC%C5%D7%C0%CF%B7%B9%BD%C3%C7%C7%2C%C4%AC%C5%D7%C0%CF%2Cgs25_%2825%29.jpg?type=w2\" /></p>\r\n\r\n<p>​</p>\r\n\r\n<p>​</p>\r\n\r\n<p>컵에 얼음을 듬뿍 넣어 준비 합니다.​</p>\r\n\r\n<p>​</p>\r\n\r\n<p>&nbsp;</p>\r\n\r\n<p>​</p>\r\n\r\n<p>​</p>\r\n\r\n<p>&nbsp;</p>\r\n\r\n<p>​</p>\r\n\r\n<p><img id=\"img_13\" src=\"https://mblogthumb-phinf.pstatic.net/20151018_94/sosimiking_1445175647923381Li_JPEG/%C1%FD%BF%A1%BC%AD%B0%A3%B4%DC%C8%F7%B8%B8%B5%E9%BC%F6%C0%D6%B4%C2%C4%AC%C5%D7%C0%CF%B7%B9%BD%C3%C7%C7%2C%C6%ED%C0%C7%C1%A1%C7%A5%C4%AC%C5%D7%C0%CF%B7%B9%BD%C3%C7%C7%2C%C4%AC%C5%D7%C0%CF%B7%B9%BD%C3%C7%C7%2C%BB%DA%B6%EC%BB%DA%B6%EC%C1%D6%2C%BC%D2%C1%D6%C4%AC%C5%D7%C0%CF%B7%B9%BD%C3%C7%C7%2C%C4%AC%C5%D7%C0%CF%2Cgs25_%289%29.jpg?type=w2\" />​</p>\r\n\r\n<p>​</p>\r\n\r\n<p>​</p>\r\n\r\n<p>그리고 소주를 넣어 줍니다.</p>\r\n\r\n<p>​</p>\r\n\r\n<p>​</p>\r\n\r\n<p>라늬씨는 소주잔으로 2잔 넣었고 요건 취향에 따라 더 많이 넣거나 적게 넣어도 될 것 같아요.​</p>\r\n\r\n<p>얼음과 음료가 들어가서 솔직히 2잔 까지도 음료 같은 기분이더라구요. ㅎㅎㅎ</p>\r\n\r\n<p>​</p>\r\n\r\n<p>​</p>\r\n\r\n<p>다음에는 3-4잔 정도 넣고 만들어 봐야 겠어요!!!!​</p>\r\n\r\n<p>​</p>\r\n\r\n<p>&nbsp;</p>\r\n\r\n<p>&nbsp;</p>\r\n\r\n<p>&nbsp;</p>\r\n\r\n<p>​</p>\r\n\r\n<p>​</p>\r\n\r\n<p>​<img id=\"img_14\" src=\"https://mblogthumb-phinf.pstatic.net/20151018_40/sosimiking_1445175648149ihM8J_JPEG/%C1%FD%BF%A1%BC%AD%B0%A3%B4%DC%C8%F7%B8%B8%B5%E9%BC%F6%C0%D6%B4%C2%C4%AC%C5%D7%C0%CF%B7%B9%BD%C3%C7%C7%2C%C6%ED%C0%C7%C1%A1%C7%A5%C4%AC%C5%D7%C0%CF%B7%B9%BD%C3%C7%C7%2C%C4%AC%C5%D7%C0%CF%B7%B9%BD%C3%C7%C7%2C%BB%DA%B6%EC%BB%DA%B6%EC%C1%D6%2C%BC%D2%C1%D6%C4%AC%C5%D7%C0%CF%B7%B9%BD%C3%C7%C7%2C%C4%AC%C5%D7%C0%CF%2Cgs25_%2810%29.jpg?type=w2\" /></p>\r\n\r\n<p>​</p>\r\n\r\n<p>​</p>\r\n\r\n<p>그리고 쁘띠첼 워터젤리 한봉을 다 넣어 줍니다.​</p>\r\n\r\n<p>​</p>\r\n\r\n<p>&nbsp;</p>\r\n\r\n<p>​</p>\r\n\r\n<p>​</p>\r\n\r\n<p>​<br />\r\n<img id=\"img_15\" src=\"https://mblogthumb-phinf.pstatic.net/20151018_156/sosimiking_1445175648486al73r_JPEG/%C1%FD%BF%A1%BC%AD%B0%A3%B4%DC%C8%F7%B8%B8%B5%E9%BC%F6%C0%D6%B4%C2%C4%AC%C5%D7%C0%CF%B7%B9%BD%C3%C7%C7%2C%C6%ED%C0%C7%C1%A1%C7%A5%C4%AC%C5%D7%C0%CF%B7%B9%BD%C3%C7%C7%2C%C4%AC%C5%D7%C0%CF%B7%B9%BD%C3%C7%C7%2C%BB%DA%B6%EC%BB%DA%B6%EC%C1%D6%2C%BC%D2%C1%D6%C4%AC%C5%D7%C0%CF%B7%B9%BD%C3%C7%C7%2C%C4%AC%C5%D7%C0%CF%2Cgs25_%2811%29.jpg?type=w2\" /><br />\r\n<br />\r\n<img id=\"img_16\" src=\"https://mblogthumb-phinf.pstatic.net/20151018_47/sosimiking_1445175648870CipAj_JPEG/%C1%FD%BF%A1%BC%AD%B0%A3%B4%DC%C8%F7%B8%B8%B5%E9%BC%F6%C0%D6%B4%C2%C4%AC%C5%D7%C0%CF%B7%B9%BD%C3%C7%C7%2C%C6%ED%C0%C7%C1%A1%C7%A5%C4%AC%C5%D7%C0%CF%B7%B9%BD%C3%C7%C7%2C%C4%AC%C5%D7%C0%CF%B7%B9%BD%C3%C7%C7%2C%BB%DA%B6%EC%BB%DA%B6%EC%C1%D6%2C%BC%D2%C1%D6%C4%AC%C5%D7%C0%CF%B7%B9%BD%C3%C7%C7%2C%C4%AC%C5%D7%C0%CF%2Cgs25_%2812%29.jpg?type=w2\" /></p>\r\n\r\n<p>&nbsp;</p>\r\n\r\n<p>&nbsp;</p>\r\n\r\n<p>이렇게 쁘띠쁘띠주 완성!!!</p>\r\n\r\n<p>​살구빛 도는 요 컬러 알흠답지요??!!!!!</p>\r\n\r\n<p>&nbsp;</p>\r\n\r\n<p>출처|https://m.blog.naver.com/PostView.naver?isHttpsRedirect=true&amp;blogId=prod03&amp;logNo=70145384014</p>','https://youtu.be/wO8Qio-agBQ'),(13,'2021-08-25 10:10:49.088232','2021-08-25 10:10:49.088266','한라토닉','hanlatonic.png','1. 소주와 토닉워터의 비율을 1:1로 만든다. \\n','<p><img src=\"https://t1.daumcdn.net/cfile/tistory/9947873E5EAE326305\" /></p>','https://youtu.be/wzO9Iz7I7Xc'),(14,'2021-08-27 15:23:41.358884','2021-08-27 15:23:41.358916','밀키스주','milkiss.png','1. 소주와 맥주와 사이다를 1:2:2 비율로 넣어준다.','<p><img alt=\"데일리푸드\" src=\"https://img.daily.co.kr/@files/www.daily.co.kr/content/food/2016/20161230/c560862b52445e517f1bb2aa4da76db2.jpg\" /></p>','https://youtu.be/211bTOSxasc'),(15,'2021-08-27 15:25:32.699399','2021-08-27 15:25:32.699435','태극주','Taegeukju.png','1. 얼음을 컵의 2/3 정도 채워준다. /n\r\n2. 홍초와 소주를 1:3의 비율로 넣어준다. /n\r\n3. 파워에이드를 잔 벽에 대고 천천히 부어준다.','<p><img alt=\"인싸들 모여라. 태극주 만드는방법!\" src=\"https://blog.kakaocdn.net/dn/dakRxV/btqLvFCWNPt/SMtiIVSQoCUSjLTSokelX1/img.jpg\" /></p>','https://youtu.be/hwu7foCnFD0'),(16,'2021-08-27 15:26:53.321043','2021-08-27 15:26:53.321075','에너자이저주','energizerju.png','1. 얼음을 컵의 1/2만큼 채워준다. /n\r\n2. 소주, 핫식스, 파워에이드를 1:1:1 비율로 차례로 넣어준다.','<p><img src=\"https://postfiles.pstatic.net/MjAxODA4MjlfMjU0/MDAxNTM1NTI4NTU2ODM4.AcYlCpMNv0WpzMxREj2R0N5tYafb01FjhwM_AGozgCog.vMvS6cKIsFja7tJmm8wl3G2YCaXAJfG_58Ub5Fc5ygwg.PNG.ganhojob/B0901_12.png?type=w966\" /></p>','https://www.youtube.com/watch?v=trvK5ybXlMU#t=125'),(17,'2021-08-27 15:33:51.018899','2021-08-27 15:34:23.265982','요구르트주','yogurtju.png','1. 소주, 요구르트, 사이다를 1:2:2 비율로 넣어준다.','<p>이미지</p>','https://youtu.be/wO8Qio-agBQ'),(18,'2021-08-28 05:52:41.335450','2021-08-28 05:53:25.471087','앱솔루트 애플망고 스트로베리 칵테일','AbsoluteAppleMangoStrawberry.png','1. 얼음을 컵 1/2만큼 채운다. \\n\r\n2. 앱솔루트 주스 30ml와 토닉워터 40ml를 넣어준다. \\n\r\n3. 애플망고 파우치 50ml를 넣어준다. \\n\r\n4. 기호에 따라 딸기를 추가한다.(딸기 4조각 추천) \\n','<p><img alt=\"May be an image of drink, strawberry and text\" src=\"https://scontent-ssn1-1.xx.fbcdn.net/v/t1.6435-9/201608470_5821871234519576_3835787539103669297_n.jpg?_nc_cat=102&amp;ccb=1-5&amp;_nc_sid=730e14&amp;_nc_ohc=nlla3u-RxWcAX_wgE4E&amp;tn=2gyWrfTt4MvdTbhQ&amp;_nc_ht=scontent-ssn1-1.xx&amp;oh=d457e289ef080f1e13f8b31c9a7dd979&amp;oe=614DC794\" /></p>\r\n\r\n<p><img alt=\"May be an image of drink and text\" src=\"https://scontent-ssn1-1.xx.fbcdn.net/v/t1.6435-9/201814729_5821871257852907_2888843203401050056_n.jpg?_nc_cat=101&amp;ccb=1-5&amp;_nc_sid=730e14&amp;_nc_ohc=maL-Ja_VwbsAX9AA2dD&amp;_nc_ht=scontent-ssn1-1.xx&amp;oh=446bd8ddd5da5eae5d6e1c822bbd3354&amp;oe=614FAB1F\" /></p>','https://youtu.be/wO8Qio-agBQ'),(19,'2021-08-28 05:54:42.755516','2021-08-28 05:54:42.755560','앱솔루트 스트로베리 칵테일','AbsoluteStrawberry.png','1. 얼음을 컵 2/3만큼 채운다. \\n\r\n2. 앱솔루트 주스 30ml 를 넣어준다. \\n\r\n3. 토닉워터 60ml를 넣어준다. \\n\r\n4. 기호에 따라 딸기를 추가한다.(딸기 4조각 추천) \\n','<p><img alt=\"May be an image of drink and text that says \'7-ELEVEN ABSOLUT JUICE BER 진로 토닉 워터 TONIC WATER Maloratkspuloienk aasm 앱솔루트 스트로베리 각테일 앱솔루트 주스 30ml+ 토닉워터 60ml 딸기 4조각 + 얼음가득\'\" src=\"https://scontent-ssn1-1.xx.fbcdn.net/v/t1.6435-9/201178157_5821871181186248_2878823504044922413_n.jpg?_nc_cat=107&amp;ccb=1-5&amp;_nc_sid=730e14&amp;_nc_ohc=epvx09TM-dwAX_FWA7G&amp;_nc_ht=scontent-ssn1-1.xx&amp;oh=2841aba9e36ccf0d53add89a976bf698&amp;oe=614F4C75\" /></p>','https://youtu.be/wO8Qio-agBQ'),(20,'2021-08-28 06:01:07.984581','2021-08-28 06:01:07.984613','블루라군','BlueLaggon.png','1. 빈 병에 블루큐라소, 보드카, 레몬에이드를 1:2:1 비율로 넣고 흔들어 준다. \\n\r\n2. 얼음을 컵의 2/3만큼 채우고, 만들어 준 칵테일을 부어준다.\\n\r\n3. 레몬 슬라이스로 장식한다.\\n','<p><a href=\"http://pds8.egloos.com/pds/200806/06/40/e0059340_4848dc48bfb26.jpg\"><img src=\"http://thumbnail.egloos.net/600x0/http://pds8.egloos.com/pds/200806/06/40/e0059340_4848dc48bfb26.jpg\" style=\"width:600px\" /></a></p>\r\n\r\n<p>===================<br />\r\n기법 - 셰이크<br />\r\n<br />\r\n보드카&nbsp;- 30ml<br />\r\n블루 큐라소 - 15ml<br />\r\n레몬 주스 - 15ml<br />\r\n설탕 - 2tsps<br />\r\n탄산수&nbsp;- 적당량<br />\r\n===================</p>\r\n\r\n<p><br />\r\n사실 원래의 레시피는 보드카와 블루 큐라소를 섞고 레몬에이드 또는 사이다로 채우는 매우매우 간단한 칵테일입니다. 그야말로 적당한 잔에 얼음 몇 개 담고 보드카, 블루 큐라소를 붓고 사이다를 부어주면 끝인데...&nbsp;그렇게 해서는 다소 성의 없어 보이기도 하거니와 뭔가 부족한 느낌이 들기에 위와 같이 레시피를 조금 바꿔보았군요.<br />\r\n<br />\r\n시중 바에서도 가끔 보이는 메뉴로군요. 그러고보니 언젠가 바에 갔을 때 일행 중 한 명이 이 블루 라군을 주문했었습니다. 문득 호기심이 생겨 무슨 맛일지 한 모금을 얻어 마셨었군요. 그런데 잔에서 물씬 풍기는 묘하게 친숙한 코코넛틱한(..) 달콤한 향... 그리고 한 모금 마시니 또 묘하게 친숙한 달콤한 탄산 음료 맛...<br />\r\n...더도말고 딱 이렇게 만든 것 같았습니다;<br />\r\n&nbsp;</p>\r\n\r\n<p><a href=\"http://pds8.egloos.com/pds/200806/06/40/e0059340_4848dedcf4198.jpg\"><img src=\"http://thumbnail.egloos.net/600x0/http://pds8.egloos.com/pds/200806/06/40/e0059340_4848dedcf4198.jpg\" style=\"width:600px\" /></a></p>\r\n\r\n<p>보드카 대신 코코넛 럼인&nbsp;<strong>말리부</strong>를 쓰고 여기에&nbsp;블루 큐라소 약간과&nbsp;<strong>사이다</strong>로 채운, 그야말로 알기 쉬운 맛이었습니다;<br />\r\n<br />\r\n그러고보니 언젠가 바에서 일했던 한 친구에게서 들은 이야기가 생각나는군요.&nbsp;일반적인 시중&nbsp;바에서는 거의 필수적으로 갖춰놓는 술이 몇 개 있는데, 그 중 말리부, 미도리, 피치 트리,&nbsp;블루 큐라소만큼은 꼭 갖춰둔다 합니다. 어쩐지 그때 그 블루 라군을 마셨을 때 딱 저 말이 떠올랐습니다;<br />\r\n<br />\r\n뭐... 이렇게 만드는 것이 나쁘다기보단&nbsp;<strong>&quot;누가 마셔도 맛있다고 생각할만한 맛&quot;</strong>으로 만들었다 생각하면 오히려 이것이 당연한지도 모르겠군요.<br />\r\n<br />\r\n그래도 오늘은 이왕 만드는 것 조금 손이 가는 방식으로 만들어봤습니다.<br />\r\n&nbsp;</p>\r\n\r\n<p><a href=\"http://pds8.egloos.com/pds/200806/06/40/e0059340_4848e0b5c3c99.jpg\"><img src=\"http://thumbnail.egloos.net/600x0/http://pds8.egloos.com/pds/200806/06/40/e0059340_4848e0b5c3c99.jpg\" style=\"width:600px\" /></a></p>\r\n\r\n<p>보드카와 블루 큐라소, 레몬과 설탕 시럽, 탄산수입니다. 가루 설탕을 써도 좋지만 그냥 간단하게 시럽을 써줬습니다.<br />\r\n그리고 적당한 잔과 셰이커를 준비...<br />\r\n&nbsp;</p>\r\n\r\n<p><a href=\"http://pds9.egloos.com/pds/200806/06/40/e0059340_4848e0ece81c8.jpg\"><img src=\"http://thumbnail.egloos.net/600x0/http://pds9.egloos.com/pds/200806/06/40/e0059340_4848e0ece81c8.jpg\" style=\"width:600px\" /></a></p>\r\n\r\n<p>탄산수를 제외한 재료들을 잘 흔들어&nbsp;얼음을 채운 잔에 따라냅니다.<br />\r\n생각해보니 재료가 딱 보드카 피즈에 블루 큐라소를 조금 넣은 것이로군요.<br />\r\n&nbsp;</p>\r\n\r\n<p><a href=\"http://pds8.egloos.com/pds/200806/06/40/e0059340_4848e123a28d0.jpg\"><img src=\"http://thumbnail.egloos.net/600x0/http://pds8.egloos.com/pds/200806/06/40/e0059340_4848e123a28d0.jpg\" style=\"width:600px\" /></a></p>\r\n\r\n<p>남은 부분만큼 탄산수를 쭈~욱...<br />\r\n몇 번 휘저어줍니다.<br />\r\n&nbsp;</p>\r\n\r\n<p><a href=\"http://pds8.egloos.com/pds/200806/06/40/e0059340_4848e157bda57.jpg\"><img src=\"http://thumbnail.egloos.net/600x0/http://pds8.egloos.com/pds/200806/06/40/e0059340_4848e157bda57.jpg\" style=\"width:600px\" /></a></p>\r\n\r\n<p>레몬 슬라이스와 빨대로 장식... 이걸로 완성입니다.<br />\r\n산뜻한 파란색입니다만... 솔직히 굳이 이렇게&nbsp;하지 않고&nbsp;사이다로 채워도 외양은 똑같습니다;<br />\r\n&nbsp;</p>\r\n\r\n<p><a href=\"http://pds9.egloos.com/pds/200806/06/40/e0059340_4848e2246b1e6.jpg\"><img src=\"http://thumbnail.egloos.net/600x0/http://pds9.egloos.com/pds/200806/06/40/e0059340_4848e2246b1e6.jpg\" style=\"width:600px\" /></a></p>\r\n\r\n<p>어쨌든 한 모금 마시니... 단맛이 적어서인지 레몬의 신맛이 확~ 퍼지면서 탄산이 짜릿하게 퍼지는군요. 보드카가 들어있지만 이런 롱 드링크에선 보드카 자체의 맛은 거의 느낄 수 없으니 상큼하게 마실 수 있습니다.<br />\r\n&nbsp;</p>\r\n\r\n<p><a href=\"http://pds9.egloos.com/pds/200806/06/40/e0059340_4848e21508e90.jpg\"><img src=\"http://thumbnail.egloos.net/600x0/http://pds9.egloos.com/pds/200806/06/40/e0059340_4848e21508e90.jpg\" style=\"width:600px\" /></a></p>\r\n\r\n<p>외양으로나 맛으로나 시원하고 상큼한 느낌이 물씬 풍기는 칵테일입니다.<br />\r\n그러고보니 요즘은 꽤나 궂은 날씨가 계속되다보니&nbsp;이 칵테일의 색만큼이나 파란 하늘을 본 적이 없는 것 같군요.&nbsp;그리고 여기저기에서 들리는 뉴스나&nbsp;소식들도 잘 풀리지 않는 일의 연속이니... 하루 빨리 이 칵테일만큼이나 시원하게 풀리는 날이 오면 좋겠습니다.</p>','https://youtu.be/DXdeslY2P2E'),(21,'2021-08-28 06:03:03.836229','2021-08-28 06:03:03.836268','백종원모히또','BackMojito.png','1. 잔에 깻잎 10장을 넣고 빻아준다.\\n\r\n2. 잔에 얼음을 적당량 넣는다.\\n\r\n3. 레몬 1/4개의 즙을 짜준 뒤, 소주2잔, 사이다 2잔을 따라준다.\\n\r\n4. 잘 섞어준다.\\n','<p>레몬을 절반으로 자르고 반은 얇게 슬라이스 쳐주세요</p>\r\n\r\n<p><img src=\"https://recipe1.ezmember.co.kr/cache/recipe/2019/08/18/2e9e428d6621a586b6a4b296262eb5a11.png\" /></p>\r\n\r\n<p>병에 얼음을 담고 깻잎 10장을 찢어서 넣어주세요</p>\r\n\r\n<p><img src=\"https://recipe1.ezmember.co.kr/cache/recipe/2019/08/18/af54770e03c4659231979135b167eda21.png\" /></p>\r\n\r\n<p>소주 반병을 넣어주세요</p>\r\n\r\n<p><img src=\"https://recipe1.ezmember.co.kr/cache/recipe/2019/08/18/41ea03258ab0e363a5ddb92ec1f41fc51.png\" /></p>\r\n\r\n<p>레몬 반개를 즙이 잘 나오게 짜서 넣어주세요</p>\r\n\r\n<p><img src=\"https://recipe1.ezmember.co.kr/cache/recipe/2019/08/18/f09e22079cca7d8ed79b111a3c765bea1.png\" /></p>\r\n\r\n<p>슬라이스 쳐준 레몬을 넣어주세요</p>\r\n\r\n<p><img src=\"https://recipe1.ezmember.co.kr/cache/recipe/2019/08/18/53fb437d639497001ed3055585219a3e1.png\" /></p>\r\n\r\n<p>설탕 2T를 넣어주세요</p>\r\n\r\n<p><img src=\"https://recipe1.ezmember.co.kr/cache/recipe/2019/08/18/f830c6c139b6a0045ad5976d06b393e61.png\" /></p>\r\n\r\n<p>레몬과 깻잎의 향이 잘 섞이도록 빻아주세요</p>\r\n\r\n<p><img src=\"https://recipe1.ezmember.co.kr/cache/recipe/2019/08/18/4d2d92229511f9a7305fcd7af2d339ad1.png\" /></p>\r\n\r\n<p>남은 소주를 전체병에 2/3만큼 넣고 사이다를 넣어주세요</p>\r\n\r\n<p><img src=\"https://recipe1.ezmember.co.kr/cache/recipe/2019/08/18/50cdc161db3c39bee70d090f566a4be01.png\" /></p>\r\n\r\n<p>잘 섞어서 드시면 됩니당^^</p>\r\n\r\n<p><img src=\"https://recipe1.ezmember.co.kr/cache/recipe/2019/08/18/c35b890c025925b638e9f502a1f2ad021.png\" /></p>','https://www.youtube.com/watch?v=trvK5ybXlMU#t=194'),(22,'2021-08-28 06:11:04.047641','2021-08-28 06:11:04.047681','하이볼','HighBall.png','1. 얼음을 컵의 2/3만큼 채운다.\\n\r\n2. 위스키와 탄산수를 1:4 비율로 넣어준다.\\n\r\n3. 기호에 따라 레몬즙을 짜주고, 레몬 슬라이스 한 장을 넣어 완성한다.\\n','<p>쉽고 간편한 산토리 하이볼 만들기 시작해볼게요.</p>\r\n\r\n<p>&nbsp;</p>\r\n\r\n<p>[산토리 하이볼 재료]&nbsp;</p>\r\n\r\n<p>&nbsp;</p>\r\n\r\n<p><strong>산토리 위스키</strong></p>\r\n\r\n<p><strong>탄산수 (토닉워터)</strong></p>\r\n\r\n<p><strong>신선한 레몬 1/2개</strong></p>\r\n\r\n<p><strong>얼음</strong></p>\r\n\r\n<p><strong>큰 머그잔 or 하이볼잔</strong></p>\r\n\r\n<p>&nbsp;</p>\r\n\r\n<p>먼저 레몬부터 손질해 보아요.</p>\r\n\r\n<p>레몬은 깨끗하게 씻어야 하는 이유는 잔류농약성분과 왁스코팅 때문이에요.</p>\r\n\r\n<p>껍질채 잘라먹는 레몬 특성상 깨끗히 씻지 않으면 우리 몸에 그대로 흡수되는만큼 신경써서 씻어주세요!</p>\r\n\r\n<p>&nbsp;</p>\r\n\r\n<p><strong>[레몬 씻는법]</strong></p>\r\n\r\n<p>&nbsp;</p>\r\n\r\n<p><img src=\"https://t1.daumcdn.net/cfile/tistory/2756AE4758B97A4E2B\" style=\"height:533px; width:400px\" /></p>\r\n\r\n<p>▲씻기 전 먼저 레몬에 붙은 스티커를 제거해요&nbsp;</p>\r\n\r\n<p>&nbsp;</p>\r\n\r\n<p><img src=\"https://t1.daumcdn.net/cfile/tistory/242ACF4758B97A501B\" style=\"height:350px; width:394px\" /></p>\r\n\r\n<p><strong>1. 먼저 고무장갑을 낀채로 흐르는 물에 빡빡 문질러요</strong></p>\r\n\r\n<p>&nbsp;</p>\r\n\r\n<p><img src=\"https://t1.daumcdn.net/cfile/tistory/214E474758B97A5129\" style=\"height:347px; width:396px\" /></p>\r\n\r\n<p><strong>2. 베이킹파우더 또는 밀가루를 이용해 껍질을 잘 씻어요</strong></p>\r\n\r\n<p>&nbsp;</p>\r\n\r\n<p><img src=\"https://t1.daumcdn.net/cfile/tistory/242ACF4758B97A501B\" style=\"height:350px; width:394px\" /></p>\r\n\r\n<p><strong>3. 다시 흐르는 물에 3번 정도 깨끗하게 씻어줍니다.</strong></p>\r\n\r\n<p>▶그래도 걱정되시는 분은 끓는 물에 소독하는 정도만 짧게 넣었다 빼서 찬물로 헹궈주세요~&nbsp;</p>\r\n\r\n<p>&nbsp;</p>\r\n\r\n<p><img src=\"https://t1.daumcdn.net/cfile/tistory/213D5E4758B97A521A\" style=\"height:318px; width:393px\" /></p>\r\n\r\n<p>▲잘 씻은 레몬을 칼로 보기좋게 슬라이스해요.</p>\r\n\r\n<p>&nbsp;</p>\r\n\r\n<p><img src=\"https://t1.daumcdn.net/cfile/tistory/2449F84758B97A5323\" style=\"height:300px; width:400px\" /></p>\r\n\r\n<p>▲재료들이 한자리에 모였네요 :) 본격적으로 하이볼 제조에 들어가볼까요?</p>\r\n\r\n<p>&nbsp;</p>\r\n\r\n<p><strong>[산토리 하이볼 만드는법]</strong></p>\r\n\r\n<p>&nbsp;</p>\r\n\r\n<p><img src=\"https://t1.daumcdn.net/cfile/tistory/250FAF4758B97A5426\" style=\"height:460px; width:398px\" /></p>\r\n\r\n<p>먼저 산토리 위스키에요.</p>\r\n\r\n<p>일본에서는 1만엔 정도에 구입이 가능하지만, 우리나라에서는 마트에서 3만원 후반대에 구매하실 수 있어요.</p>\r\n\r\n<p>&nbsp;</p>\r\n\r\n<p><img src=\"https://t1.daumcdn.net/cfile/tistory/2672184758B97A5520\" style=\"height:357px; width:394px\" /></p>\r\n\r\n<p>1. 준비한 잔에 얼음을 넣고 위스키를 샷 1잔 넣어요.</p>\r\n\r\n<p>저는 감으로 잔 밑부분이 찰랑찰랑하게 넣었어요 ㅎㅎ</p>\r\n\r\n<p>&nbsp;</p>\r\n\r\n<p><img src=\"https://t1.daumcdn.net/cfile/tistory/2514684858B97A5632\" style=\"height:341px; width:397px\" /></p>\r\n\r\n<p>2. 그 다음은 탄산수를 콸콸 부어줘요.</p>\r\n\r\n<p>위스키와 탄산수의 비율은 1:4 정도에요.</p>\r\n\r\n<p>보통 큰 잔에 위스키 샷 한 잔을 넣고 잔의 2/3까지 탄산수로 채우면 맛있게 드실 수 있어요.</p>\r\n\r\n<p>&nbsp;</p>\r\n\r\n<p>&nbsp;</p>\r\n\r\n<p><img src=\"https://t1.daumcdn.net/cfile/tistory/2547934858B97A581C\" style=\"height:306px; width:384px\" /></p>\r\n\r\n<p>3. 마지막으로 슬라이스한 레몬을 1-2개 정도 넣은 후 잘 저어주면 산토리 하이볼 완성!</p>\r\n\r\n<p>좀 더 진한 레몬향을 즐기고 싶은 분은 레몬즙을 짜서 넣은 후 슬라이스를 넣어주세요.</p>\r\n\r\n<p>&nbsp;</p>\r\n\r\n<p>가라아게,&nbsp;오꼬노미야끼, 화로구이&nbsp;등 여러 안주와 어울리는&nbsp;<strong>산토리 하</strong><strong>이볼</strong>&nbsp;여러분도 집에서 만들어 즐겨보세요~&nbsp;</p>','https://youtu.be/UsaovvHD61s'),(23,'2021-08-28 06:11:55.517052','2021-08-28 06:11:55.517088','청포도 맥주','GrapeBeer.png','1.맥주와 봉봉을 1:1 비율로 부어준다.','<p>&lsquo;12캔에 1만원&rsquo; 가성비갑 맥주, 품절대란을 일으켰던 필라이트를 더 맛있게 즐기는 방법.</p>\r\n\r\n<p><img src=\"https://img3.daumcdn.net/thumb/R658x0.q70/?fname=http://t1.daumcdn.net/news/201705/31/cosmopolitan/20170531144917660zxof.jpg\" style=\"height:auto; width:658px\" /></p>\r\n\r\n<p>&nbsp;<strong>#청포도맥주 #필라봉&nbsp;</strong><strong>필라이트 1캔, 포도 봉봉 1캔, 컵 1개</strong><strong>&nbsp;만드는 방법&nbsp;</strong><strong>1.</strong>&nbsp;맥주잔에 필라이트와 포도 봉봉을 1:1 비율로 섞는다.<strong>2.</strong>&nbsp;숟가락으로 잔 바닥을 톡 쳐 골고루 섞이게 만든다.<strong>3.</strong>&nbsp;필라봉 완성!</p>\r\n\r\n<p><img src=\"https://img1.daumcdn.net/thumb/R658x0.q70/?fname=http://t1.daumcdn.net/news/201705/31/cosmopolitan/20170531144918573grqn.jpg\" style=\"height:auto; width:658px\" /></p>\r\n\r\n<p><strong>에디터 한줄</strong></p>\r\n\r\n<p>- 오! 생각보다 매력적인 맛이다.- 음료수보다 맛있는 것이, 맥주보다 상큼한 것이 이거슨 환상캐미!- 몽글거리는 포도 알갱이를 흔들 때마다 기분이 좋아진다.- 100% 아로마 호프로 만든 발포주 특성상, 일반 맥주보다 밍밍할 수 있다. 하지만 이를 포도 봉봉이 알맞게 잡아준다.</p>','https://youtu.be/wO8Qio-agBQ'),(24,'2021-08-28 06:13:44.277601','2021-08-28 06:13:44.277633','스크류 드라이버','ScrewDriver.png','1. 얼음을 컵의 2/3만큼 채워준다.\\n\r\n2. 보드카와 오렌지주스를 1:2 비율로 넣어준다.\\n','<p>480ml잔에 얼음을 가득 넣어주세요</p>\r\n\r\n<p>오렌지는 반으로 잘라 즙을 내어줍니다</p>\r\n\r\n<p>얼음이 들어 있는 잔에 보드카를 1, 1/2oz(45ml)부어주세요</p>\r\n\r\n<p>영상에 소주잔으로 계량하는 법이 나와있습니다 참고 부탁드릴께요^^</p>\r\n\r\n<p>오렌지즙을 내어준것을 잔에 부어줍니다</p>\r\n\r\n<p>모자른 오렌지즙을 오렌지 쥬스로 잔을 채워줍니다</p>\r\n\r\n<p>섞이게 가볍게 저어주면 완성!</p>','https://youtu.be/-QznTxEsN50'),(25,'2021-08-28 06:15:36.643514','2021-08-28 06:15:57.738740','아이리쉬밤','IrishBomb.png','1. 기네스와 베일리스와 위스키를 10:1:1 비율로 넣어준다.\\n\r\n2. 기네스가 든 잔에 베일리스+위스키 잔을 넣어야 한다.\\n','<p><img alt=\"fd092359c6a1bcb19c790aa3053e0b9c_1545190328_0484.jpg\" src=\"http://playdad.riaho.com/data/editor/1812/fd092359c6a1bcb19c790aa3053e0b9c_1545190328_0484.jpg\" style=\"width:573px\" title=\"fd092359c6a1bcb19c790aa3053e0b9c_1545190328_0484.jpg\" /></p>\r\n\r\n<p>&nbsp;</p>\r\n\r\n<p>&nbsp;</p>\r\n\r\n<p>1)큰 잔에 기네스1캔의 반정도(약220ml)를 미리 따라 놓습니다.(두 잔)</p>\r\n\r\n<p>&nbsp;</p>\r\n\r\n<p>&nbsp;</p>\r\n\r\n<p>&nbsp;</p>\r\n\r\n<p><img alt=\"fd092359c6a1bcb19c790aa3053e0b9c_1545190328_118.jpg\" src=\"http://playdad.riaho.com/data/editor/1812/fd092359c6a1bcb19c790aa3053e0b9c_1545190328_118.jpg\" style=\"width:573px\" title=\"fd092359c6a1bcb19c790aa3053e0b9c_1545190328_118.jpg\" /></p>\r\n\r\n<p>&nbsp;</p>\r\n\r\n<p>&nbsp;</p>\r\n\r\n<p>&nbsp;</p>\r\n\r\n<p>2) 작은 잔에 베일리스를 반쯤 따릅니다(15-20ml) / 사실 느낌 가는 대로!</p>\r\n\r\n<p>&nbsp;</p>\r\n\r\n<p>&nbsp;</p>\r\n\r\n<p>&nbsp;</p>\r\n\r\n<p><img alt=\"fd092359c6a1bcb19c790aa3053e0b9c_1545190328_1909.jpg\" src=\"http://playdad.riaho.com/data/editor/1812/fd092359c6a1bcb19c790aa3053e0b9c_1545190328_1909.jpg\" style=\"width:573px\" title=\"fd092359c6a1bcb19c790aa3053e0b9c_1545190328_1909.jpg\" /></p>\r\n\r\n<p>&nbsp;</p>\r\n\r\n<p>&nbsp;</p>\r\n\r\n<p>&nbsp;</p>\r\n\r\n<p>3) 작은 잔에 위스키를 함께 넣어 주세요(15-20ml)</p>\r\n\r\n<p>&nbsp;</p>\r\n\r\n<p>&nbsp;</p>\r\n\r\n<p>&nbsp;</p>\r\n\r\n<p>&nbsp;</p>\r\n\r\n<p>&nbsp;</p>\r\n\r\n<p>&nbsp;</p>\r\n\r\n<p>&nbsp;</p>\r\n\r\n<p>&nbsp;</p>\r\n\r\n<p>&nbsp;</p>\r\n\r\n<p><strong>작은 잔을 큰 잔 안에 넣는 게 포인트입니다!&nbsp;</strong></p>\r\n\r\n<p>(소주잔을 맥주 잔에 넣어 먹는 느낌이랑 비슷해요)</p>\r\n\r\n<p>&nbsp;</p>\r\n\r\n<p>&nbsp;</p>\r\n\r\n<p>&nbsp;</p>\r\n\r\n<p><img alt=\"fd092359c6a1bcb19c790aa3053e0b9c_1545190328_3204.jpg\" src=\"http://playdad.riaho.com/data/editor/1812/fd092359c6a1bcb19c790aa3053e0b9c_1545190328_3204.jpg\" style=\"width:580px\" title=\"fd092359c6a1bcb19c790aa3053e0b9c_1545190328_3204.jpg\" /></p>\r\n\r\n<p>&nbsp;</p>\r\n\r\n<p>&nbsp;</p>\r\n\r\n<p>몽글몽글 응고가 일어나면서</p>\r\n\r\n<p>달달하고 크리미한 아이리시 밤 완성.</p>\r\n\r\n<p>비쥬얼에 당황하지 말고 원샷 하세요!</p>','https://youtu.be/nObIdM1i68c'),(26,'2021-08-28 06:17:24.810891','2021-08-28 06:17:24.810925','진토닉','JinTonik.png','1. 얼음을 컵의 2/3만큼 채워준다.\\n\r\n2. 진과 토닉워터, 탄산수를 1:3:3의 비율로 넣어준다.\\n','<p><strong>만드는 법</strong></p>\r\n\r\n<p>&nbsp;</p>\r\n\r\n<p>➊ 하이볼 글라스에 적당량의 얼음과 진 2~3온스을 넣는다.</p>\r\n\r\n<p>➋ 라임 조각 한 두개를 짜서 즙을 넣는다.</p>\r\n\r\n<p>➌ 토닉워터를 글라스 가득 붓고 잘 섞이도록 저어준다.</p>\r\n\r\n<p>➍ 라임 조각 하나를 얹어 장식한다.</p>\r\n\r\n<p>클래식 진토닉에 살짝 더 시트러스한 느낌을 주려면 라임 대신 자몽을 활용하라. 진과 토닉워터만 섞은 스탠다드 진토닉에 자몽 조각을 짜서 그 즙을 넣으면 된다. 바에서 사용하는 자몽 비터를 구해서 몇 방울 떨어뜨리면 전문가가 만든 칵테일 못지않다.</p>','https://youtu.be/R9IuHMWslnM#t=209'),(27,'2021-08-28 09:29:38.543639','2021-08-28 09:29:38.543685','미모사','mimosa.png','1. 스파클링와인과 오렌즈주스를 3:1의 비율로 넣어준다.\\n\r\n- 얼음을 쓰지 않기 때문에, 미리 재료와 잔을 차갑게 해주어야 한다.\\n','<p><span style=\"color:#000000\"><span style=\"background-color:#ffffff\">​<img id=\"img_1\" src=\"https://mblogthumb-phinf.pstatic.net/20160316_163/hitejinrovin_1458104262829VCQqK_JPEG/%C7%EE%C4%CC_%B9%CC%B8%F0%BB%E7.jpg?type=w2\" style=\"border:0px; max-width:100%; vertical-align:top\" /></span></span></p>\r\n\r\n<p><span style=\"color:#000000\"><span style=\"background-color:#ffffff\">​</span></span></p>\r\n\r\n<p><span style=\"color:#000000\"><span style=\"background-color:#ffffff\">​</span></span></p>\r\n\r\n<p><span style=\"color:#000000\"><span style=\"background-color:#ffffff\">한낮의 따스한 햇살과 나무의 연둣빛 새싹을 보면서 &#39;마침내 봄이&nbsp;왔구나!&#39; 하는&nbsp;생각이&nbsp;드는 건 저뿐만은 아니겠죠?&nbsp;</span></span></p>\r\n\r\n<p><span style=\"color:#000000\"><span style=\"background-color:#ffffff\">테라스로 나가 기분 좋게&nbsp;스치는 봄바람을 만끽하면서 칵테일 한 잔&nbsp;마시고 싶어지는&nbsp;것도 저뿐만은 아니겠죠?&nbsp;<img alt=\"\" class=\"_postImage fx\" src=\"https://dthumb-phinf.pstatic.net/?src=%22https%3A%2F%2Fssl.pstatic.net%2Fstatic.se2%2Fstatic%2Fimg%2Femoticon%2F1_05.gif%22&amp;type=w2\" style=\"border:0px; max-width:100%; vertical-align:top\" />&nbsp;&nbsp;</span></span></p>\r\n\r\n<p><span style=\"color:#000000\"><span style=\"background-color:#ffffff\">​</span></span></p>\r\n\r\n<p><span style=\"color:#000000\"><span style=\"background-color:#ffffff\">이런 날, 이런 기분에&nbsp;잘 어울리는 칵테일은 뭐가 있을까 생각해보다가,&nbsp;화사한 개나리 꽃처럼 밝은 노란색을 띠는&nbsp;<span style=\"background-color:#77b02b\"><span style=\"color:#ffffff\"><strong>미모사(Mimosa)</strong></span></span>가 떠올랐는데요. 맛이 산뜻하고 깔끔한데다가 만들기도 쉬워서&nbsp;당장 미모사 칵테일 제조에 돌입!&nbsp;</span></span></p>\r\n\r\n<p><span style=\"color:#000000\"><span style=\"background-color:#ffffff\">&nbsp;</span></span></p>\r\n\r\n<p><span style=\"color:#000000\"><span style=\"background-color:#ffffff\">냉장고에 마시고 남은 스파클링 와인이 있으면 금상첨화, 여기에 오렌지 주스만 섞으면&nbsp;미모사는 간단하게 만들 수 있답니다.&nbsp;이 둘을 섞는 황금 비율은&nbsp;<strong>1대1</strong>, 그리고 이왕이면 차갑게 해서&nbsp;<strong>샴페인 잔</strong>이나<strong>&nbsp;화이트 와인 잔에&nbsp;</strong>따라 드세요. 보기 좋은 떡이 먹기에도 좋다잖아요 ^^&nbsp;&nbsp;&nbsp;</span></span></p>\r\n\r\n<p><span style=\"color:#000000\"><span style=\"background-color:#ffffff\">​</span></span></p>\r\n\r\n<p><span style=\"color:#000000\"><span style=\"background-color:#ffffff\"><img id=\"img_2\" src=\"https://mblogthumb-phinf.pstatic.net/20160316_272/hitejinrovin_1458104769500N4TJC_JPEG/%B9%CC%B8%F0%BB%E7_%C4%AC%C5%D7%C0%CF.JPG?type=w2\" style=\"border:0px; max-width:100%; vertical-align:top\" />​</span></span></p>\r\n\r\n<p><span style=\"color:#000000\"><span style=\"background-color:#ffffff\">&nbsp;</span></span></p>\r\n\r\n<p><span style=\"color:#000000\"><span style=\"background-color:#ffffff\"><span style=\"color:#ffffff\"><span style=\"background-color:#ffffff\"><span style=\"color:#000000\">마침 냉장고에 시원하게 보관 중이던&nbsp;</span></span><strong>헨켈 (Henkell) 스파클링 와인</strong></span>에다가&nbsp;<strong><span style=\"background-color:#77b02b\"><span style=\"color:#ffffff\">오렌지 쥬스</span></span></strong>를 섞었더니&nbsp;<strong><span style=\"background-color:#77b02b\"><span style=\"color:#ffffff\">미모사&nbsp;</span></span></strong>칵테일이 완성되었습니다.&nbsp;여기에 파란색 줄무늬 빨대를 꽂으니까 분위기가 더 경쾌해 지는&nbsp;느낌!&nbsp;​<img alt=\"\" class=\"_postImage fx\" src=\"https://dthumb-phinf.pstatic.net/?src=%22https%3A%2F%2Fssl.pstatic.net%2Fstatic.se2%2Fstatic%2Fimg%2Femoticon%2F1_10.gif%22&amp;type=w2\" style=\"border:0px; max-width:100%; vertical-align:top\" />&nbsp;참,&nbsp;미모사를 차갑게 즐기고 싶다면 얼음을 띄워도 좋아요.</span></span></p>\r\n\r\n<p><span style=\"color:#000000\"><span style=\"background-color:#ffffff\">그럼 이제, 테라스로 나가 볼까요?</span></span></p>','https://youtu.be/NkY5x_-LDzM'),(28,'2021-08-28 09:31:56.228082','2021-08-28 09:31:56.228111','데킬라선라이즈','TequilaSunrise.png','1. 얼음을 컵의 1/2만큼 채워준다.\\n\r\n2. 데킬라, 오렌지주스, 석류시럽을 2:4:1의 비율로 순서대로 넣어준다.\\n','<p><img src=\"https://t1.daumcdn.net/cfile/tistory/2218D5355756184A2B\" style=\"height:592px; width:532px\" /></p>\r\n\r\n<p>&nbsp;</p>\r\n\r\n<p>데낄라썬라이즈 들어보셨죠? 데낄라와 오렌지 쥬스만 있다면 집에서도 간단히 만들어서 마실 수 있는 칵데일 입니다. 붉은 색깔의 그라나딘 시럽은 집에서 마시는 것이라면 넣어도 되고 안넣어도 되는 듯 해요. 데낄라가 독하기 때문에 오렌지쥬스나 자몽, 크랜베리 쥬스 등에 희석을 해서 먹게되면 조금 더 편안하게 드실 수 있는 듯 해요. 제대로된 칵테일을 만들고 싶으시다면 그라나딘 시럽까지 준비하시고 간단하게 마시고자 한다면 쥬스만 넣어서 마셔도 충분히 맛을 즐 길 수 있으거라 생각이 듭니다.&nbsp;</p>\r\n\r\n<p>&nbsp;</p>\r\n\r\n<p>사이다 or 토닉워터 or 탄산수와 마시는 방법도 있습니다. 데낄라에 사이다를 넣거나 또는 토닉워터를 넣어서 마시는 방법인대 사이다 또는 토닉워터가 들어감으로 인해서 데낄라의 향은 풍부하게 살아나가 만들면서 목넘김은 부드럽게 만들어 주기 때문에 초보자들이 즐기기 좋은 술의 조합입니다. 단맛을 선호하지 않으신 분들이라면 탄맛이 가미되어 있지 않은 탄산수를 넣는 것을 권해드리고 여기에 생레몬즙을 넣어서 마신다면 더욱 더 진항 풍미를 즐길 수 있습니다.&nbsp;</p>\r\n\r\n<p>&nbsp;</p>\r\n\r\n<p><img src=\"https://t1.daumcdn.net/cfile/tistory/2412364D57561B6D15\" style=\"height:422px; width:315px\" /></p>\r\n\r\n<p>&nbsp;</p>\r\n\r\n<p>&nbsp;</p>\r\n\r\n<p>&nbsp;</p>\r\n\r\n<p>역시 술을 즐길줄 아시는 분들이라면 그냥 샷잔 또는 언더락잔에 즐기는 방법이 있습니다. 데낄라의 풍부한 향을 느끼려면 이것 만큼 좋은 방법이 또 있을까요? ㅎㅎ 오늘은 데낄라 먹는법에 대해서 알아보았습니다. 솔찍히 저도 어떻게 마셔야지 좋다라는 생각보다는 내입에 맛있는 것이 맛있는 술이라고 생각해요.&nbsp;</p>\r\n\r\n<p><br />\r\n<br />\r\n출처:&nbsp;<a href=\"https://5moom5.tistory.com/8\">https://5moom5.tistory.com/8</a>&nbsp;[지구별 사용설명서]</p>','https://youtu.be/X1Ol9ZUiLbA'),(29,'2021-08-28 09:35:53.578146','2021-08-28 09:35:53.578183','스파클링 봉봉주','SparklingBongbong.png','1. 얼음을 컵의 1/2만큼 채워준다./n\r\n2. 소주, 봉봉, 청포도스파클링을 1:1:1 비율로 넣어준다./n','<p>영상을 참고해서 스파클링 봉봉주를 만들어보세요!</p>','https://www.youtube.com/watch?v=C7zaU2o1DBc#t=18'),(30,'2021-08-28 09:38:16.135197','2021-08-28 09:38:16.135233','깔라유자처럼','KallaYuja.png','1. 얼음을 컵의 2/3만큼 채워준다.\\n\r\n2. 깔라만시와 순하리유자맛과 처음처럼을 1:1:1 비율로 넣어준다.\\n','<p><img src=\"https://mblogthumb-phinf.pstatic.net/MjAxODA5MDZfMjg4/MDAxNTM2MjM5MzU0MzAy.w95EUe-A9MwiwymIs4X0z0BRXEfBYWSPUN3LRA8H87gg.OTdrp4qUogPw6xPe7NcB0nDuD9OBGOaOW8SJW2R7YmIg.JPEG.yunehye84/FB_IMG_1535290799341.jpg?type=w800\" /></p>\r\n\r\n<p>이름부터 상큼한&nbsp;#깔라유자처럼<br />\r\n사실 이름 듣고 빵 터졌던 레시피 중 하나였는데요<br />\r\n요즘 시중이 많이 판매되고 있는 깔라만시 1과<br />\r\n순하리유자맛 1 처음처럼 1이 섞였어요^^<br />\r\n왠지 비타민c 가득해서 술도 잘 안취할 것 같네요ㅋ</p>','https://youtu.be/wO8Qio-agBQ'),(31,'2021-08-28 09:40:02.695793','2021-08-28 09:40:02.695825','소원주','sowon.png','1. 원두커피와 소주를 5:1 비율로 넣어준다.','<p><strong>&lt; 소원주 &gt;</strong></p>\r\n\r\n<p><img alt=\"\" id=\"SEDOC-1503965311923--1593795025_image_1_img\" src=\"https://postfiles.pstatic.net/MjAxNzA4MjlfNTAg/MDAxNTAzOTY0NDk4NjU4.uzUQGdJuYi33Dz5Tj7cu9cZ12u2HlwO9NuvuHEsum04g.tupspOD2YAzJ3FrRPLJYkDvYs1LM9lfCWtTjE8XbBecg.JPEG.jbyn5907/2.JPG?type=w773\" style=\"height:482px; width:486px\" /></p>\r\n\r\n<p><strong>소원주 =&nbsp;</strong><strong><u>소</u></strong><strong>주+</strong><strong><u>원</u></strong><strong>두커피를 섞은 폭탄주</strong><br />\r\n<br />\r\n<strong>씁쓸하면서도 향긋한 원두커피 맛을 느낄수 있고,</strong><br />\r\n<strong>캔으로 나오는 커피를 섞어먹으면 더 맛있습니다</strong></p>\r\n\r\n<p><img alt=\"\" id=\"SEDOC-1503965311923--1593795025_image_2_img\" src=\"https://postfiles.pstatic.net/MjAxNzA4MjlfMjc0/MDAxNTAzOTY0Njk3NTg1.jPkhJzROaeXl0THKTd3gZWzqXsNder3nywEKF4Gka54g.307ejFBYD3c2ikpRIYT2ozCUjsWd2WZfU9rBmUJxMg4g.JPEG.jbyn5907/3.JPG?type=w773\" style=\"height:357px; width:419px\" /></p>\r\n\r\n<p><strong><strong>준비물 : 소주,원두커피(캔)</strong></strong></p>\r\n\r\n<p><img alt=\"\" id=\"SEDOC-1503965311923--1593795025_image_3_img\" src=\"https://postfiles.pstatic.net/MjAxNzA4MjlfMjU1/MDAxNTAzOTY0ODA2ODk2.kF04WGIHAEfXCY1CgJ-AeylFUkR68zvvUMDbk9MWD7og.rajIVryE_gD9jmfcWqIcCiuiUSMUEFDAhvhgtTlf7O0g.JPEG.jbyn5907/1.JPG?type=w773\" style=\"height:463px; width:488px\" /></p>\r\n\r\n<p><strong>얼음을 채운잔에 커피80~85%와 소주15~20%를 채우면 끝~</strong></p>\r\n\r\n<p><strong><strong>[출처]</strong>&nbsp;<a href=\"https://blog.naver.com/jbyn5907/221084469449\" target=\"_blank\">[폭탄주 제조법]폭탄주 종류:소원주,홍익인간주</a>|<strong>작성자</strong>&nbsp;<a href=\"https://blog.naver.com/jbyn5907\" target=\"_blank\">jbyn5907</a></strong></p>','https://youtu.be/wO8Qio-agBQ'),(32,'2021-08-28 09:50:17.153335','2021-08-28 09:50:17.153366','쿠키앤크럼','CookieCrum.png','1. 쿠키앤크림 아이스크림을 한 컵에 한 스푼 넣어준다.\\n\r\n2. 럼을 소주잔으로 한 잔 넣어준다.\\n','<p><img alt=\"간만에 홍대 나들이^^\r\n칵테일바 #버프 에서 #쿠키앤크림칵테일 #미니마블스플릿 정말 딱 아는 그맛☺\r\n순서는 바꿨지만 그리고 떡볶이 먹으러 #또보겠지떡볶이 ?\" src=\"https://gramho.com/hosted-by-instagram/url=https%3A%7C%7C%7C%7Cscontent-waw1-1.cdninstagram.com%7C%7Cv%7C%7Ct51.2885-15%7C%7Ce35%7C%7C66117311_132207884681904_4547375343336982685_n.jpg%3F_nc_ht%3Dscontent-waw1-1.cdninstagram.com%26_nc_cat%3D100%26_nc_ohc%3DpIiTJVIox8MAX8CRpSP%26edm%3DAA0rjkIBAAAA%26ccb%3D7-4%26oh%3Dd937126e43f1a66e034134f8fbcf17dc%26oe%3D61319DC8%26_nc_sid%3Dd997c6\" /></p>','https://youtu.be/wO8Qio-agBQ'),(33,'2021-08-28 09:52:12.294957','2021-08-28 09:52:12.294991','레몬끌라라','LemonKlala.png','1. 얼음을 컵의 2/3만큼 채워준다.\\n\r\n2. 레몬토닉과 클라우드를 1:1 비율로 넣어준다.\\n','<p><img src=\"https://blog.kakaocdn.net/dn/bZZjRT/btqBL8V4w3h/KVQQXJkLAprKDbpDo7KR71/img.jpg\" /></p>\r\n\r\n<p>마드리드에서 클라라를 시켰다</p>\r\n\r\n<p><br />\r\n스페인식 레몬 맥주 끌라라 Clara<br />\r\n<br />\r\n스페인 여행을 다녀오신분들이 가장 그리워하는 맛&nbsp;<br />\r\n바로 상그리아와 끌라라죠.&nbsp;<br />\r\n<br />\r\n레몬 맥주로 잘 알려진 끌라라는 사실 &#39;맥주에 탄산음료를 섞은 것&#39; 으로 흔히 레몬맛 환타와 맥주를 섞어 만듭니다.&nbsp;<br />\r\n<br />\r\n&nbsp;</p>\r\n\r\n<p>&nbsp;</p>\r\n\r\n<p><img src=\"https://blog.kakaocdn.net/dn/csRzob/btqBM8gWRMv/tr8sH3iXQSUdfiEB2lpZaK/img.jpg\" /></p>\r\n\r\n<p>맥주</p>\r\n\r\n<p>&nbsp;</p>\r\n\r\n<p>마드리드 현지 식당에서 끌라라를 시켜봤습니다.&nbsp;<br />\r\n&nbsp;</p>\r\n\r\n<p><img src=\"https://blog.kakaocdn.net/dn/b4Ubux/btqBJeCUTGC/qq7nss8cTqltnt3qxFOfg0/img.jpg\" /></p>\r\n\r\n<p>환타 레몬맛</p>\r\n\r\n<p>&nbsp;</p>\r\n\r\n<p>보통은 만들어서주는데 여기는 직접 만들어 먹어야하네요 ㅎㅎ<br />\r\n<br />\r\n&nbsp;</p>\r\n\r\n<p><img src=\"https://blog.kakaocdn.net/dn/n5dug/btqBNNDouM0/BiuFxFACZNM7X2xsYiSdHk/img.jpg\" /></p>\r\n\r\n<p>섞어 봅시다</p>\r\n\r\n<p>&nbsp;</p>\r\n\r\n<p>이곳에서 제공하는 레몬환타와 맥주의 비율은 1:1 ~ 1:2 인 것 같네요. 시킬때마다 환타의 양이 달랐음.&nbsp;</p>','https://youtu.be/XcKVNBn6sm0'),(34,'2021-08-28 09:53:19.352830','2021-08-28 09:53:19.352863','트로이카의 목마','TrojanHorse.png','1. 흑맥주와 라거맥주, 토마토주스를 1:1:1 비율로 넣어준다.','<p>흑맥주 + 라거 맥주 + 토마토주스</p>\r\n\r\n<p><a href=\"https://post.naver.com/viewer/postView.nhn?volumeNo=28036076&amp;memberNo=11556787&amp;searchKeyword=%EB%A0%88%EC%8B%9C%ED%94%BC&amp;searchRank=6#\" onclick=\"return false;\"><img alt=\"\" id=\"SEDOC-1587378102722-96339065_image_2_img\" src=\"https://post-phinf.pstatic.net/MjAyMDA0MjBfMzUg/MDAxNTg3MzU0ODQwNTc2.HKiVpMdjRxIF6kVZR_Jvh4LCG12DVVKF7K471wnVwc0g.jE3i7IA5bW0IxLTDMu4SXSYyfCrYZzi6ZiOi_x_6Ydwg.JPEG/alcohol-1853327_1920.jpg?type=w1200\" style=\"height:1281px; width:1920px\" /></a></p>\r\n\r\n<p>흑맥주의&nbsp;부드러움과&nbsp;라거&nbsp;맥주의&nbsp;고소함과&nbsp;시원함,&nbsp;거기에&nbsp;토마토의&nbsp;달달함은&nbsp;완벽한&nbsp;핵&nbsp;폭탄주를&nbsp;탄생시킨다.&nbsp;토마토를&nbsp;좋아한다면&nbsp;강력추천하는&nbsp;꿀&nbsp;조합&nbsp;칵테일!&nbsp;이게&nbsp;뭔가&nbsp;싶겠지만&nbsp;&lsquo;트로이카의&nbsp;목마&rsquo;라는&nbsp;이름으로&nbsp;유명한&nbsp;칵테일&nbsp;조합이니&nbsp;맛은&nbsp;이미&nbsp;증명된&nbsp;셈이다.</p>\r\n\r\n<p>Recipe<br />\r\n원하는 컵 용량의 1/3 흑맥주, 1/3 라거 맥주, 1/3 토마토주스</p>','https://youtu.be/wO8Qio-agBQ'),(35,'2021-08-28 09:55:21.067556','2021-08-28 09:55:21.067589','고진감래주','Gojin.png','1. 소주잔에 콜라를 따르고 빈 맥주잔에 넣는다.\\n\r\n2. 그 위에 소주를 넣은 또 다른 소주잔을 쌓는다.\\n\r\n3. 쌓은 소주잔이 잠길정도로 맥주를 따라준다.\\n\r\n4. 콜라, 소주, 맥주는 1:1:2 비율!\\n','<p><img alt=\"\" id=\"img_18\" src=\"https://mblogthumb-phinf.pstatic.net/MjAxNjExMDhfMTcy/MDAxNDc4NTg4NDMwODYy.S-IJ_54urn9WfFpIxUO0SZqCO7F9jrqCMvwDEq5KIY4g.Q6Tbt3YmwQEC2-Q1B5dcJL0brYGc_OWJtEgxIqdKKasg.PNG.rlfjrl24/HanCapture_140.png?type=w800\" style=\"height:864px; width:847px\" /></p>\r\n\r\n<p><strong>고진감래주</strong><br />\r\n<strong>필요재료: 콜라+소주+맥주 (1:1:2 비율)</strong><br />\r\n<br />\r\n<strong>소주잔에 콜라를 따르고 빈 맥주잔에 넣은 후,</strong><br />\r\n<strong>그 위에 소주를 넣은 또 다른 소주잔을 쌓아주세요.</strong><br />\r\n<strong>쌓은 소주잔이 잠길정도로 맥주를 따라주세요.</strong></p>','https://youtu.be/q4iIb_UCHCQ'),(36,'2021-08-28 09:58:08.013804','2021-08-28 09:58:08.013843','링겔주','ringer.png','1. 소주와 매화주를 각각 한 잔씩 따라내, 양을 덜어낸다.\\n\r\n2. 병채로 재빠르게 매화수를 소주 위에 올리고 5분 기다린다.','<p><img alt=\"\" id=\"img_20\" src=\"https://mblogthumb-phinf.pstatic.net/MjAxNjExMDhfMjk2/MDAxNDc4NTg4NDMxMDEw.2y-5PW67YbkkV5KoHA_9dkmDDxPGTib0qQh1KbpTVR8g.eWhNL_rIIrLwppLJMZKRFBysz1w1flUpcaRaEBSBjg8g.PNG.rlfjrl24/HanCapture_141.png?type=w800\" style=\"height:882px; width:871px\" /></p>\r\n\r\n<p><strong>링겔주</strong><br />\r\n<strong>필요재료: 소주+매화수</strong><br />\r\n<br />\r\n<strong>소주와 매화주를 각각 한잔씩 다라서, 양을 덜어내세요.</strong><br />\r\n<strong>재빠르게 매화수를 소주 위에 올리고 5분 기다리세요.</strong><br />\r\n<strong>※흘릴 수 있으니 밑에 작은 접시를 두고 만드세요~</strong></p>','https://youtu.be/D0NEIpZQyas'),(37,'2021-08-28 09:59:25.353108','2021-08-28 09:59:25.353139','나르샤 비타주','NarshaVita.png','1. 소주 한 병과 비타500 2-3병을 섞는다.','<p><img alt=\"\" id=\"img_22\" src=\"https://mblogthumb-phinf.pstatic.net/MjAxNjExMDhfMzkg/MDAxNDc4NTg4NDMxMzg1.xkMD2KAyyogW2BwWgPJg9Id-btyxNLsyusC-8Ftaexsg.9mZR6CAZTTk4Am6zu0hMRpeJkw4R375j04xt-fBpa28g.PNG.rlfjrl24/HanCapture_142.png?type=w800\" style=\"height:863px; width:867px\" /></p>\r\n\r\n<p><strong>나르샤 비타주</strong><br />\r\n<strong>필요재료: 소주+비타500</strong><br />\r\n<br />\r\n<strong>소주한병과 비타500 2-3병을 섞어주세요</strong><br />\r\n<strong>※뚱뚱이 비타 500을 사용할땐 1-2병과 섞어주세요</strong></p>','https://youtu.be/wO8Qio-agBQ');
/*!40000 ALTER TABLE `recipe` ENABLE KEYS */;
UNLOCK TABLES;

--
-- Table structure for table `recipe_alcohol_volume`
--

DROP TABLE IF EXISTS `recipe_alcohol_volume`;
/*!40101 SET @saved_cs_client     = @@character_set_client */;
/*!40101 SET character_set_client = utf8 */;
CREATE TABLE `recipe_alcohol_volume` (
  `id` bigint(20) NOT NULL AUTO_INCREMENT,
  `created_at` datetime(6) NOT NULL,
  `updated_at` datetime(6) NOT NULL,
  `alcohol_volume_id` bigint(20) DEFAULT NULL,
  `recipe_id` bigint(20) DEFAULT NULL,
  PRIMARY KEY (`id`),
  KEY `recipe_alcohol_volum_alcohol_volume_id_33e33ae2_fk_alcohol_v` (`alcohol_volume_id`),
  KEY `recipe_alcohol_volume_recipe_id_646b2b6e_fk_recipe_id` (`recipe_id`),
  CONSTRAINT `recipe_alcohol_volum_alcohol_volume_id_33e33ae2_fk_alcohol_v` FOREIGN KEY (`alcohol_volume_id`) REFERENCES `alcohol_volume` (`id`),
  CONSTRAINT `recipe_alcohol_volume_recipe_id_646b2b6e_fk_recipe_id` FOREIGN KEY (`recipe_id`) REFERENCES `recipe` (`id`)
) ENGINE=InnoDB AUTO_INCREMENT=35 DEFAULT CHARSET=utf8mb4;
/*!40101 SET character_set_client = @saved_cs_client */;

--
-- Dumping data for table `recipe_alcohol_volume`
--

LOCK TABLES `recipe_alcohol_volume` WRITE;
/*!40000 ALTER TABLE `recipe_alcohol_volume` DISABLE KEYS */;
INSERT INTO `recipe_alcohol_volume` VALUES (1,'2021-08-25 07:11:22.225012','2021-08-25 07:11:22.225067',3,4),(2,'2021-08-25 07:31:42.988984','2021-08-25 07:31:42.989014',3,5),(3,'2021-08-25 07:49:29.477951','2021-08-25 07:49:29.477979',3,6),(4,'2021-08-25 08:00:03.294137','2021-08-25 08:00:03.294181',3,7),(5,'2021-08-25 08:06:22.185722','2021-08-25 08:06:22.185753',2,8),(6,'2021-08-25 08:07:01.997590','2021-08-25 08:07:01.997628',3,9),(7,'2021-08-25 08:14:36.094228','2021-08-25 08:14:36.094264',3,10),(8,'2021-08-25 08:33:01.461602','2021-08-25 08:33:01.461637',2,11),(9,'2021-08-25 08:46:12.244866','2021-08-25 08:46:12.244899',3,12),(10,'2021-08-25 10:12:18.149503','2021-08-25 10:12:18.149536',2,13),(11,'2021-08-27 15:36:49.704323','2021-08-27 15:36:49.704357',3,14),(12,'2021-08-27 15:37:00.204833','2021-08-27 15:37:00.204867',2,15),(13,'2021-08-27 15:37:08.278604','2021-08-27 15:37:08.278640',2,16),(14,'2021-08-27 15:37:13.964627','2021-08-27 15:37:13.964660',3,17),(15,'2021-08-28 05:56:07.233259','2021-08-28 05:56:07.233291',2,19),(16,'2021-08-28 05:56:12.555745','2021-08-28 05:56:12.555779',2,18),(17,'2021-08-28 06:04:00.520387','2021-08-28 06:04:00.520419',1,20),(18,'2021-08-28 06:04:07.328713','2021-08-28 06:04:07.328753',3,21),(19,'2021-08-28 06:19:11.074165','2021-08-28 06:19:11.074205',2,22),(20,'2021-08-28 06:19:18.004653','2021-08-28 06:19:18.004688',3,23),(21,'2021-08-28 06:19:25.042470','2021-08-28 06:19:25.042501',2,24),(22,'2021-08-28 06:19:31.848991','2021-08-28 06:19:31.849027',1,25),(23,'2021-08-28 06:19:38.571654','2021-08-28 06:19:38.571687',1,26),(24,'2021-08-28 09:41:53.507864','2021-08-28 09:41:53.507897',3,27),(25,'2021-08-28 09:42:00.026094','2021-08-28 09:42:00.026140',2,28),(26,'2021-08-28 09:42:07.822793','2021-08-28 09:42:07.822832',3,29),(27,'2021-08-28 09:42:15.099043','2021-08-28 09:42:15.099072',3,30),(28,'2021-08-28 09:42:20.851496','2021-08-28 09:42:20.851527',2,31),(29,'2021-08-28 10:06:47.676773','2021-08-28 10:06:47.676810',3,32),(30,'2021-08-28 10:06:55.054329','2021-08-28 10:06:55.054362',3,33),(31,'2021-08-28 10:07:01.307918','2021-08-28 10:07:01.307956',2,34),(32,'2021-08-28 10:07:06.902090','2021-08-28 10:07:06.902121',1,35),(33,'2021-08-28 10:07:12.861064','2021-08-28 10:07:12.861095',1,36),(34,'2021-08-28 10:07:18.780106','2021-08-28 10:07:18.780143',2,37);
/*!40000 ALTER TABLE `recipe_alcohol_volume` ENABLE KEYS */;
UNLOCK TABLES;

--
-- Table structure for table `recipe_base`
--

DROP TABLE IF EXISTS `recipe_base`;
/*!40101 SET @saved_cs_client     = @@character_set_client */;
/*!40101 SET character_set_client = utf8 */;
CREATE TABLE `recipe_base` (
  `id` bigint(20) NOT NULL AUTO_INCREMENT,
  `created_at` datetime(6) NOT NULL,
  `updated_at` datetime(6) NOT NULL,
  `base_id` bigint(20) DEFAULT NULL,
  `recipe_id` bigint(20) DEFAULT NULL,
  PRIMARY KEY (`id`),
  KEY `recipe_base_base_id_c926e0aa_fk_base_id` (`base_id`),
  KEY `recipe_base_recipe_id_e7293da2_fk_recipe_id` (`recipe_id`),
  CONSTRAINT `recipe_base_base_id_c926e0aa_fk_base_id` FOREIGN KEY (`base_id`) REFERENCES `base` (`id`),
  CONSTRAINT `recipe_base_recipe_id_e7293da2_fk_recipe_id` FOREIGN KEY (`recipe_id`) REFERENCES `recipe` (`id`)
) ENGINE=InnoDB AUTO_INCREMENT=40 DEFAULT CHARSET=utf8mb4;
/*!40101 SET character_set_client = @saved_cs_client */;

--
-- Dumping data for table `recipe_base`
--

LOCK TABLES `recipe_base` WRITE;
/*!40000 ALTER TABLE `recipe_base` DISABLE KEYS */;
INSERT INTO `recipe_base` VALUES (1,'2021-08-24 12:18:56.705621','2021-08-24 12:18:56.705658',1,1),(2,'2021-08-24 12:19:02.143136','2021-08-24 12:19:02.143173',1,2),(3,'2021-08-24 12:19:06.819878','2021-08-24 12:19:06.819911',1,3),(4,'2021-08-25 07:09:40.201907','2021-08-25 07:09:40.201958',1,4),(5,'2021-08-25 07:28:57.745863','2021-08-25 07:28:57.745895',1,5),(6,'2021-08-25 07:48:52.232937','2021-08-25 07:48:52.232968',5,6),(7,'2021-08-25 07:59:13.392068','2021-08-25 07:59:13.392104',1,7),(8,'2021-08-25 08:06:10.658800','2021-08-25 08:06:10.658830',1,8),(9,'2021-08-25 08:06:49.495621','2021-08-25 08:06:49.495650',1,9),(10,'2021-08-25 08:14:26.068664','2021-08-25 08:14:26.068693',1,10),(11,'2021-08-25 08:32:46.739651','2021-08-25 08:32:46.739681',1,11),(12,'2021-08-25 08:45:59.457329','2021-08-25 08:45:59.457360',5,12),(13,'2021-08-25 10:11:09.061003','2021-08-25 10:11:09.061038',1,13),(14,'2021-08-27 15:35:18.447639','2021-08-27 15:35:18.447676',1,14),(17,'2021-08-27 15:35:28.078004','2021-08-27 15:35:28.078047',1,15),(18,'2021-08-27 15:36:11.796710','2021-08-27 15:36:11.796750',1,16),(19,'2021-08-27 15:36:20.050383','2021-08-27 15:36:20.050418',1,17),(20,'2021-08-28 05:55:25.065920','2021-08-28 05:55:25.065958',2,19),(21,'2021-08-28 05:55:32.043035','2021-08-28 05:55:32.043065',2,18),(22,'2021-08-28 06:03:20.905900','2021-08-28 06:03:20.905931',2,20),(23,'2021-08-28 06:03:27.833644','2021-08-28 06:03:27.833675',1,21),(24,'2021-08-28 06:17:46.319221','2021-08-28 06:17:46.319255',2,22),(25,'2021-08-28 06:17:52.837213','2021-08-28 06:17:52.837247',3,23),(26,'2021-08-28 06:18:00.820958','2021-08-28 06:18:00.820990',2,24),(27,'2021-08-28 06:18:07.766991','2021-08-28 06:18:07.767031',3,25),(28,'2021-08-28 06:18:13.649694','2021-08-28 06:18:13.649725',2,26),(29,'2021-08-28 09:40:24.255567','2021-08-28 09:40:24.255604',4,27),(30,'2021-08-28 09:40:32.328219','2021-08-28 09:40:32.328254',2,28),(31,'2021-08-28 09:40:39.955733','2021-08-28 09:40:39.955765',1,29),(32,'2021-08-28 09:40:47.342303','2021-08-28 09:40:47.342341',1,30),(33,'2021-08-28 09:40:54.528976','2021-08-28 09:40:54.529021',1,31),(34,'2021-08-28 09:59:47.654093','2021-08-28 09:59:47.654128',2,32),(35,'2021-08-28 09:59:54.463042','2021-08-28 09:59:54.463076',3,33),(36,'2021-08-28 10:00:01.008681','2021-08-28 10:00:01.008712',3,34),(37,'2021-08-28 10:00:08.969779','2021-08-28 10:00:08.969828',1,35),(38,'2021-08-28 10:00:16.640765','2021-08-28 10:00:16.640801',1,36),(39,'2021-08-28 10:00:22.902993','2021-08-28 10:00:22.903026',1,37);
/*!40000 ALTER TABLE `recipe_base` ENABLE KEYS */;
UNLOCK TABLES;

--
-- Table structure for table `recipe_bookmark`
--

DROP TABLE IF EXISTS `recipe_bookmark`;
/*!40101 SET @saved_cs_client     = @@character_set_client */;
/*!40101 SET character_set_client = utf8 */;
CREATE TABLE `recipe_bookmark` (
  `id` bigint(20) NOT NULL AUTO_INCREMENT,
  `recipe_id` bigint(20) NOT NULL,
  `user_id` bigint(20) NOT NULL,
  PRIMARY KEY (`id`),
  UNIQUE KEY `recipe_bookmark_recipe_id_user_id_4530d427_uniq` (`recipe_id`,`user_id`),
  KEY `recipe_bookmark_user_id_a699e668_fk_account_user_id` (`user_id`),
  CONSTRAINT `recipe_bookmark_recipe_id_746aba15_fk_recipe_id` FOREIGN KEY (`recipe_id`) REFERENCES `recipe` (`id`),
  CONSTRAINT `recipe_bookmark_user_id_a699e668_fk_account_user_id` FOREIGN KEY (`user_id`) REFERENCES `account_user` (`id`)
) ENGINE=InnoDB AUTO_INCREMENT=2 DEFAULT CHARSET=utf8mb4;
/*!40101 SET character_set_client = @saved_cs_client */;

--
-- Dumping data for table `recipe_bookmark`
--

LOCK TABLES `recipe_bookmark` WRITE;
/*!40000 ALTER TABLE `recipe_bookmark` DISABLE KEYS */;
INSERT INTO `recipe_bookmark` VALUES (1,1,6);
/*!40000 ALTER TABLE `recipe_bookmark` ENABLE KEYS */;
UNLOCK TABLES;

--
-- Table structure for table `recipe_flavor`
--

DROP TABLE IF EXISTS `recipe_flavor`;
/*!40101 SET @saved_cs_client     = @@character_set_client */;
/*!40101 SET character_set_client = utf8 */;
CREATE TABLE `recipe_flavor` (
  `id` bigint(20) NOT NULL AUTO_INCREMENT,
  `created_at` datetime(6) NOT NULL,
  `updated_at` datetime(6) NOT NULL,
  `flavor_id` bigint(20) DEFAULT NULL,
  `recipe_id` bigint(20) DEFAULT NULL,
  PRIMARY KEY (`id`),
  KEY `recipe_flavor_flavor_id_50d0f423_fk_flavor_id` (`flavor_id`),
  KEY `recipe_flavor_recipe_id_7c76c8a2_fk_recipe_id` (`recipe_id`),
  CONSTRAINT `recipe_flavor_flavor_id_50d0f423_fk_flavor_id` FOREIGN KEY (`flavor_id`) REFERENCES `flavor` (`id`),
  CONSTRAINT `recipe_flavor_recipe_id_7c76c8a2_fk_recipe_id` FOREIGN KEY (`recipe_id`) REFERENCES `recipe` (`id`)
) ENGINE=InnoDB AUTO_INCREMENT=38 DEFAULT CHARSET=utf8mb4;
/*!40101 SET character_set_client = @saved_cs_client */;

--
-- Dumping data for table `recipe_flavor`
--

LOCK TABLES `recipe_flavor` WRITE;
/*!40000 ALTER TABLE `recipe_flavor` DISABLE KEYS */;
INSERT INTO `recipe_flavor` VALUES (1,'2021-08-24 12:21:56.039960','2021-08-24 12:21:56.040000',1,1),(2,'2021-08-24 12:22:00.999636','2021-08-24 12:22:00.999671',1,2),(3,'2021-08-24 12:22:05.845071','2021-08-24 12:22:05.845102',1,3),(4,'2021-08-25 07:11:04.961575','2021-08-25 07:11:04.961608',1,4),(5,'2021-08-25 07:29:24.751936','2021-08-25 07:29:24.751967',1,5),(6,'2021-08-25 07:49:06.767724','2021-08-25 07:49:06.767763',1,6),(7,'2021-08-25 07:59:47.717562','2021-08-25 07:59:47.717597',1,7),(8,'2021-08-25 08:06:32.207139','2021-08-25 08:06:32.207169',4,8),(9,'2021-08-25 08:06:33.419711','2021-08-25 08:06:33.419740',1,9),(10,'2021-08-25 08:13:45.985609','2021-08-25 08:13:45.985646',1,10),(11,'2021-08-25 08:31:28.415286','2021-08-25 08:31:28.415328',1,11),(12,'2021-08-25 08:45:49.330736','2021-08-25 08:45:49.330767',1,12),(13,'2021-08-25 10:11:47.437669','2021-08-25 10:11:47.437700',1,13),(14,'2021-08-27 15:37:40.513682','2021-08-27 15:37:40.513722',1,14),(15,'2021-08-27 15:37:46.522984','2021-08-27 15:37:46.523023',2,15),(16,'2021-08-27 15:37:54.490941','2021-08-27 15:37:54.490980',1,16),(17,'2021-08-27 15:37:59.638491','2021-08-27 15:37:59.638528',1,17),(18,'2021-08-28 05:55:45.209838','2021-08-28 05:55:45.209870',4,19),(19,'2021-08-28 05:55:51.756941','2021-08-28 05:55:51.756979',1,18),(20,'2021-08-28 06:03:39.491515','2021-08-28 06:03:39.491546',1,20),(21,'2021-08-28 06:03:45.889339','2021-08-28 06:03:45.889373',4,21),(22,'2021-08-28 06:18:27.140043','2021-08-28 06:18:27.140074',4,22),(23,'2021-08-28 06:18:33.915639','2021-08-28 06:18:33.915678',1,23),(24,'2021-08-28 06:18:40.990237','2021-08-28 06:18:40.990274',1,24),(25,'2021-08-28 06:18:47.315798','2021-08-28 06:18:47.315830',3,25),(26,'2021-08-28 06:18:52.901199','2021-08-28 06:18:52.901234',4,26),(27,'2021-08-28 09:41:08.701633','2021-08-28 09:41:08.701667',1,27),(28,'2021-08-28 09:41:16.572447','2021-08-28 09:41:16.572508',1,28),(29,'2021-08-28 09:41:22.871991','2021-08-28 09:41:22.872031',1,29),(30,'2021-08-28 09:41:30.463204','2021-08-28 09:41:30.463237',2,30),(31,'2021-08-28 09:41:38.907751','2021-08-28 09:41:38.907796',3,31),(32,'2021-08-28 10:00:39.264970','2021-08-28 10:00:39.265006',1,32),(33,'2021-08-28 10:00:51.266899','2021-08-28 10:00:51.266933',1,33),(34,'2021-08-28 10:00:59.565340','2021-08-28 10:00:59.565378',4,34),(35,'2021-08-28 10:06:14.967408','2021-08-28 10:06:14.967448',4,35),(36,'2021-08-28 10:06:21.515434','2021-08-28 10:06:21.515473',3,36),(37,'2021-08-28 10:06:29.324197','2021-08-28 10:06:29.324232',4,37);
/*!40000 ALTER TABLE `recipe_flavor` ENABLE KEYS */;
UNLOCK TABLES;

--
-- Table structure for table `recipe_ingredient`
--

DROP TABLE IF EXISTS `recipe_ingredient`;
/*!40101 SET @saved_cs_client     = @@character_set_client */;
/*!40101 SET character_set_client = utf8 */;
CREATE TABLE `recipe_ingredient` (
  `id` bigint(20) NOT NULL AUTO_INCREMENT,
  `created_at` datetime(6) NOT NULL,
  `updated_at` datetime(6) NOT NULL,
  `ingredient_id` bigint(20) DEFAULT NULL,
  `recipe_id` bigint(20) DEFAULT NULL,
  PRIMARY KEY (`id`),
  KEY `recipe_ingredient_ingredient_id_03c3e665_fk_ingredient_id` (`ingredient_id`),
  KEY `recipe_ingredient_recipe_id_f514f422_fk_recipe_id` (`recipe_id`),
  CONSTRAINT `recipe_ingredient_ingredient_id_03c3e665_fk_ingredient_id` FOREIGN KEY (`ingredient_id`) REFERENCES `ingredient` (`id`),
  CONSTRAINT `recipe_ingredient_recipe_id_f514f422_fk_recipe_id` FOREIGN KEY (`recipe_id`) REFERENCES `recipe` (`id`)
) ENGINE=InnoDB AUTO_INCREMENT=118 DEFAULT CHARSET=utf8mb4;
/*!40101 SET character_set_client = @saved_cs_client */;

--
-- Dumping data for table `recipe_ingredient`
--

LOCK TABLES `recipe_ingredient` WRITE;
/*!40000 ALTER TABLE `recipe_ingredient` DISABLE KEYS */;
INSERT INTO `recipe_ingredient` VALUES (1,'2021-08-24 12:22:29.787394','2021-08-24 12:22:29.787427',1,1),(2,'2021-08-24 12:22:44.955958','2021-08-24 12:22:44.955990',24,1),(3,'2021-08-24 12:23:03.816532','2021-08-24 12:23:03.816571',31,1),(4,'2021-08-24 12:23:23.424381','2021-08-24 12:23:23.424413',20,1),(5,'2021-08-24 12:23:52.464138','2021-08-24 12:23:52.464170',21,1),(6,'2021-08-24 12:24:02.057221','2021-08-24 12:24:02.057257',24,2),(7,'2021-08-24 12:24:18.290319','2021-08-24 12:24:18.290352',31,2),(8,'2021-08-24 12:24:28.167721','2021-08-24 12:24:28.167753',27,2),(9,'2021-08-24 12:24:40.513680','2021-08-24 12:24:40.513712',30,3),(10,'2021-08-24 12:24:55.593911','2021-08-24 12:24:55.593944',31,3),(11,'2021-08-24 12:25:02.952067','2021-08-24 12:25:02.952100',24,3),(12,'2021-08-25 07:12:30.781841','2021-08-25 07:12:30.781870',16,4),(13,'2021-08-25 07:13:05.402722','2021-08-25 07:13:05.402755',51,4),(14,'2021-08-25 07:13:22.501391','2021-08-25 07:13:22.501424',24,4),(15,'2021-08-25 07:30:47.978506','2021-08-25 07:30:47.978538',15,5),(16,'2021-08-25 07:31:30.618566','2021-08-25 07:31:30.618597',54,5),(17,'2021-08-25 07:49:56.560134','2021-08-25 07:49:56.560163',45,6),(18,'2021-08-25 07:50:05.265782','2021-08-25 07:50:05.265821',6,6),(19,'2021-08-25 08:00:30.949453','2021-08-25 08:00:30.949483',32,7),(20,'2021-08-25 08:00:54.411329','2021-08-25 08:00:54.411359',31,7),(21,'2021-08-25 08:01:02.701830','2021-08-25 08:01:02.701863',24,7),(22,'2021-08-25 08:01:16.088948','2021-08-25 08:01:16.088981',26,7),(23,'2021-08-25 08:06:02.593917','2021-08-25 08:06:02.593949',11,9),(24,'2021-08-25 08:06:13.678611','2021-08-25 08:06:13.678642',7,9),(25,'2021-08-25 08:06:49.034316','2021-08-25 08:06:49.034347',24,8),(26,'2021-08-25 08:06:58.144268','2021-08-25 08:06:58.144304',4,8),(27,'2021-08-25 08:07:05.599236','2021-08-25 08:07:05.599270',5,8),(28,'2021-08-25 08:12:50.174553','2021-08-25 08:12:50.174585',22,10),(29,'2021-08-25 08:13:22.442668','2021-08-25 08:13:22.442698',56,10),(30,'2021-08-25 08:30:45.814555','2021-08-25 08:30:45.814588',31,11),(31,'2021-08-25 08:31:13.059468','2021-08-25 08:31:13.059506',55,11),(32,'2021-08-25 08:42:13.992444','2021-08-25 08:42:13.992475',3,12),(33,'2021-08-25 08:43:25.034939','2021-08-25 08:43:25.034976',41,12),(34,'2021-08-25 08:43:39.795684','2021-08-25 08:43:39.795718',24,11),(35,'2021-08-25 08:43:54.101482','2021-08-25 08:43:54.101518',24,9),(36,'2021-08-25 08:45:17.578209','2021-08-25 08:45:17.578240',24,10),(37,'2021-08-25 08:45:38.643009','2021-08-25 08:45:38.643045',24,5),(38,'2021-08-25 10:13:12.294905','2021-08-25 10:13:12.294943',21,13),(39,'2021-08-25 10:13:23.586493','2021-08-25 10:13:23.586525',24,13),(40,'2021-08-25 10:13:48.612542','2021-08-25 10:13:48.612575',20,13),(41,'2021-08-27 15:39:14.235719','2021-08-27 15:39:14.235753',55,14),(42,'2021-08-27 15:39:26.265135','2021-08-27 15:39:26.265175',24,14),(44,'2021-08-27 15:39:47.894181','2021-08-27 15:39:47.894214',31,14),(46,'2021-08-27 15:39:59.843001','2021-08-27 15:39:59.843033',24,15),(48,'2021-08-27 15:40:25.529146','2021-08-27 15:40:25.529177',60,15),(49,'2021-08-27 15:41:04.403428','2021-08-27 15:41:04.403464',9,15),(54,'2021-08-27 15:42:57.568102','2021-08-27 15:42:57.568135',9,16),(55,'2021-08-27 15:43:11.423455','2021-08-27 15:43:11.423490',62,16),(56,'2021-08-27 15:43:18.815555','2021-08-27 15:43:18.815586',24,16),(57,'2021-08-27 15:43:31.652072','2021-08-27 15:43:31.652103',24,17),(59,'2021-08-27 15:43:52.803216','2021-08-27 15:43:52.803247',13,17),(60,'2021-08-27 15:44:03.240231','2021-08-27 15:44:03.240265',31,17),(61,'2021-08-28 05:56:27.070631','2021-08-28 05:56:27.070664',2,19),(62,'2021-08-28 05:56:36.843467','2021-08-28 05:56:36.843511',46,19),(63,'2021-08-28 05:56:45.807496','2021-08-28 05:56:45.807526',21,19),(64,'2021-08-28 05:56:55.110914','2021-08-28 05:56:55.110946',52,18),(65,'2021-08-28 05:57:00.545004','2021-08-28 05:57:00.545042',2,18),(66,'2021-08-28 05:57:13.285458','2021-08-28 05:57:13.285494',46,18),(67,'2021-08-28 05:57:33.704825','2021-08-28 05:57:33.704857',21,18),(68,'2021-08-28 06:04:34.683133','2021-08-28 06:04:34.683164',42,20),(69,'2021-08-28 06:04:51.261473','2021-08-28 06:04:51.261504',20,20),(70,'2021-08-28 06:05:13.570414','2021-08-28 06:05:13.570452',8,20),(71,'2021-08-28 06:05:23.211479','2021-08-28 06:05:23.211512',50,20),(72,'2021-08-28 06:05:33.981934','2021-08-28 06:05:33.981973',20,21),(73,'2021-08-28 06:05:47.030327','2021-08-28 06:05:47.030361',43,21),(74,'2021-08-28 06:05:58.396642','2021-08-28 06:05:58.396675',24,21),(75,'2021-08-28 06:06:08.749245','2021-08-28 06:06:08.749280',31,21),(76,'2021-08-28 06:06:21.368340','2021-08-28 06:06:21.368380',34,21),(77,'2021-08-28 06:20:07.648945','2021-08-28 06:20:07.648977',40,22),(78,'2021-08-28 06:20:15.438988','2021-08-28 06:20:15.439023',7,22),(79,'2021-08-28 06:20:35.228662','2021-08-28 06:20:35.228697',21,22),(80,'2021-08-28 06:20:45.230781','2021-08-28 06:20:45.230820',20,22),(81,'2021-08-28 06:20:58.212144','2021-08-28 06:20:58.212176',25,23),(82,'2021-08-28 06:21:06.166256','2021-08-28 06:21:06.166292',55,23),(83,'2021-08-28 06:21:24.362653','2021-08-28 06:21:24.362689',35,24),(84,'2021-08-28 06:21:48.942508','2021-08-28 06:21:48.942544',8,24),(85,'2021-08-28 06:22:11.492100','2021-08-28 06:22:11.492138',23,25),(86,'2021-08-28 06:22:20.418117','2021-08-28 06:22:20.418147',37,25),(87,'2021-08-28 06:22:30.047819','2021-08-28 06:22:30.047858',40,25),(88,'2021-08-28 06:22:40.906992','2021-08-28 06:22:40.907026',58,26),(89,'2021-08-28 06:22:56.057606','2021-08-28 06:22:56.057642',21,26),(90,'2021-08-28 06:23:04.703662','2021-08-28 06:23:04.703699',7,26),(91,'2021-08-28 09:42:39.409886','2021-08-28 09:42:39.409922',10,27),(92,'2021-08-28 09:42:50.447653','2021-08-28 09:42:50.447683',35,27),(93,'2021-08-28 09:43:01.010346','2021-08-28 09:43:01.010384',19,28),(94,'2021-08-28 09:43:09.522617','2021-08-28 09:43:09.522651',35,28),(95,'2021-08-28 09:43:24.583849','2021-08-28 09:43:24.583878',61,28),(96,'2021-08-28 09:43:42.447642','2021-08-28 09:43:42.447684',18,29),(97,'2021-08-28 09:43:57.511205','2021-08-28 09:43:57.511243',25,29),(98,'2021-08-28 09:44:08.409528','2021-08-28 09:44:08.409565',24,29),(99,'2021-08-28 09:44:24.917324','2021-08-28 09:44:24.917360',17,30),(100,'2021-08-28 09:44:35.273979','2021-08-28 09:44:35.274009',59,30),(101,'2021-08-28 09:44:47.577847','2021-08-28 09:44:47.577880',47,30),(102,'2021-08-28 09:45:09.255326','2021-08-28 09:45:09.255358',53,31),(103,'2021-08-28 09:45:24.461197','2021-08-28 09:45:24.461227',24,31),(104,'2021-08-28 10:07:44.967935','2021-08-28 10:07:44.967967',44,32),(105,'2021-08-28 10:07:55.860725','2021-08-28 10:07:55.860768',29,32),(106,'2021-08-28 10:08:10.144039','2021-08-28 10:08:10.144073',38,33),(107,'2021-08-28 10:08:31.371652','2021-08-28 10:08:31.371685',28,33),(108,'2021-08-28 10:08:52.017183','2021-08-28 10:08:52.017219',48,34),(109,'2021-08-28 10:09:06.783094','2021-08-28 10:09:06.783131',33,34),(110,'2021-08-28 10:09:18.904389','2021-08-28 10:09:18.904423',33,34),(111,'2021-08-28 10:09:31.794080','2021-08-28 10:09:31.794111',55,35),(112,'2021-08-28 10:09:41.462252','2021-08-28 10:09:41.462286',24,35),(113,'2021-08-28 10:09:54.736527','2021-08-28 10:09:54.736563',24,35),(114,'2021-08-28 10:10:10.847747','2021-08-28 10:10:10.847786',24,36),(115,'2021-08-28 10:10:36.154466','2021-08-28 10:10:36.154503',12,36),(116,'2021-08-28 10:15:02.329995','2021-08-28 10:15:02.330034',49,37),(117,'2021-08-28 10:15:47.755607','2021-08-28 10:15:47.755638',24,37);
/*!40000 ALTER TABLE `recipe_ingredient` ENABLE KEYS */;
UNLOCK TABLES;
/*!40103 SET TIME_ZONE=@OLD_TIME_ZONE */;

/*!40101 SET SQL_MODE=@OLD_SQL_MODE */;
/*!40014 SET FOREIGN_KEY_CHECKS=@OLD_FOREIGN_KEY_CHECKS */;
/*!40014 SET UNIQUE_CHECKS=@OLD_UNIQUE_CHECKS */;
/*!40101 SET CHARACTER_SET_CLIENT=@OLD_CHARACTER_SET_CLIENT */;
/*!40101 SET CHARACTER_SET_RESULTS=@OLD_CHARACTER_SET_RESULTS */;
/*!40101 SET COLLATION_CONNECTION=@OLD_COLLATION_CONNECTION */;
/*!40111 SET SQL_NOTES=@OLD_SQL_NOTES */;

-- Dump completed on 2021-08-28 10:27:53
